#usda 1.0
(
    defaultPrim = "World"
    doc = """Generated from Composed Stage of root layer omniverse://learning.sample.omniverse.nvidia.com/Projects/starforge/lib/kits/city/skyscraperF.usd
"""
    endTimeCode = 0
    metersPerUnit = 0.01
    startTimeCode = -1
    upAxis = "Y"
)

def Xform "World" (
    kind = "component"
)
{
    quatf xformOp:orient = (1, 0, 0, 0)
    float3 xformOp:scale = (1, 1, 1)
    double3 xformOp:translate = (0, 0, 0)
    uniform token[] xformOpOrder = ["xformOp:translate", "xformOp:orient", "xformOp:scale"]

    def Scope "Geometry"
    {
        def Mesh "sign_billboard"
        {
            float3[] extent = [(-3.7500002, 0, -30.000002), (3.7500002, 161.99998, 30.000002)]
            int[] faceVertexCounts = [3, 3, 3, 3, 3, 3, 3, 3, 3, 3, 3, 3, 3, 3, 3, 3, 3, 3, 3, 3, 3, 3, 3, 3, 3, 3, 3, 3, 3, 3, 3, 3]
            int[] faceVertexIndices = [2, 1, 0, 1, 2, 3, 6, 5, 4, 5, 6, 7, 8, 4, 5, 9, 4, 8, 4, 9, 10, 13, 12, 11, 12, 13, 14, 12, 14, 15, 15, 14, 16, 17, 11, 12, 11, 17, 18, 18, 17, 16, 18, 16, 14, 21, 20, 19, 20, 21, 22, 22, 21, 23, 22, 23, 24, 22, 24, 25, 28, 27, 26, 27, 28, 29, 32, 31, 30, 31, 32, 33, 36, 35, 34, 35, 36, 37, 40, 39, 38, 39, 40, 41, 63, 65, 60, 65, 63, 64, 140, 139, 138, 143, 142, 141]
            normal3f[] normals = [(0, 1, -0), (0, 1, -0), (0, 1, -0), (0, 1, -0), (0, 1, -0), (0, 1, -0), (0, 0, -1), (0, 0, -1), (0, 0, -1), (0, 0, -1), (0, 0, -1), (0, 0, -1), (0, 0, -1), (0, 0, -1), (0, 0, -1), (0, 0, -1), (0, 0, -1), (0, 0, -1), (0, 0, -1), (0, 0, -1), (0, 0, -1), (1, 0, -0), (1, 0, -0), (1, 0, -0), (1, 0, -0), (1, 0, -0), (1, 0, -0), (1, 0, -0), (1, 0, -0), (1, 0, -0), (1, 0, -0), (1, 0, -0), (1, 0, -0), (1, 0, -0), (1, 0, -0), (1, 0, -0), (1, 0, -0), (1, 0, -0), (1, 0, -0), (1, 0, -0), (1, 0, -0), (1, 0, -0), (1, 0, -0), (1, 0, -0), (1, 0, -0), (0, 0, 1), (0, 0, 1), (0, 0, 1), (0, 0, 1), (0, 0, 1), (0, 0, 1), (0, 0, 1), (0, 0, 1), (0, 0, 1), (0, 0, 1), (0, 0, 1), (0, 0, 1), (0, 0, 1), (0, 0, 1), (0, 0, 1), (0, -1, -0), (0, -1, -0), (0, -1, -0), (0, -1, -0), (0, -1, -0), (0, -1, -0), (-1, 0, -0), (-1, 0, -0), (-1, 0, -0), (-1, 0, -0), (-1, 0, -0), (-1, 0, -0), (1, 0, -0), (1, 0, -0), (1, 0, -0), (1, 0, -0), (1, 0, -0), (1, 0, -0), (0, 1, -0), (0, 1, -0), (0, 1, -0), (0, 1, -0), (0, 1, -0), (0, 1, -0), (1, 0, -0), (1, 0, -0), (1, 0, -0), (1, 0, -0), (1, 0, -0), (1, 0, -0), (-1, 0, -0), (-1, 0, -0), (-1, 0, -0), (-1, 0, -0), (-1, 0, -0), (-1, 0, -0)] (
                interpolation = "faceVarying"
            )
            point3f[] points = [(-3.7500002, 161.99998, 30.000002), (-3.7500002, 161.99998, -30.000002), (-1.25, 161.99998, 30.000002), (-1.25, 161.99998, -30.000002), (-3.7500002, 2, -30.000002), (-1.25, 2, -30.000002), (-3.7500002, 161.99998, -30.000002), (-1.25, 161.99998, -30.000002), (3.7500002, 2, -30.000002), (3.7500002, 0, -30.000002), (-3.7500002, 0, -30.000002), (-1.25, 161.99998, 30.000002), (-1.25, 7.0798516, 24.920147), (-1.25, 2, 30.000002), (-1.25, 2, -30.000002), (-1.25, 7.0798516, -24.920147), (-1.25, 156.92015, -24.920147), (-1.25, 156.92015, 24.920147), (-1.25, 161.99998, -30.000002), (3.7500002, 0, 30.000002), (-3.7500002, 0, 30.000002), (3.7500002, 2, 30.000002), (-3.7500002, 2, 30.000002), (-1.25, 2, 30.000002), (-1.25, 161.99998, 30.000002), (-3.7500002, 161.99998, 30.000002), (-3.7500002, 0, -30.000002), (-3.7500002, 0, 30.000002), (3.7500002, 0, -30.000002), (3.7500002, 0, 30.000002), (-3.7500002, 2, 30.000002), (-3.7500002, 0, 30.000002), (-3.7500002, 2, -30.000002), (-3.7500002, 0, -30.000002), (3.7500002, 0, 30.000002), (3.7500002, 2, 30.000002), (3.7500002, 0, -30.000002), (3.7500002, 2, -30.000002), (-1.25, 2, 30.000002), (-1.25, 2, -30.000002), (3.7500002, 2, 30.000002), (3.7500002, 2, -30.000002), (-3.7500002, 161.99998, 30.000002), (-3.7500002, 2, 30.000002), (-3.7500002, 161.99998, -30.000002), (-3.7500002, 2, -30.000002), (-3.7500002, 161.99998, -30.000002), (-3.7500002, 2, 30.000002), (-3.7500002, 161.99998, 30.000002), (-3.7500002, 161.99998, -30.000002), (-1.25, 161.99998, 30.000002), (-1.25, 161.99998, -30.000002), (-3.7500002, 2, -30.000002), (-1.25, 2, -30.000002), (-3.7500002, 161.99998, -30.000002), (-1.25, 161.99998, -30.000002), (3.7500002, 2, -30.000002), (3.7500002, 0, -30.000002), (-3.7500002, 0, -30.000002), (-1.25, 161.99998, 30.000002), (-1.25, 7.0798516, 24.920147), (-1.25, 2, 30.000002), (-1.25, 2, -30.000002), (-1.25, 7.0798516, -24.920147), (-1.25, 156.92015, -24.920147), (-1.25, 156.92015, 24.920147), (-1.25, 161.99998, -30.000002), (3.7500002, 0, 30.000002), (-3.7500002, 0, 30.000002), (3.7500002, 2, 30.000002), (-3.7500002, 2, 30.000002), (-1.25, 2, 30.000002), (-1.25, 161.99998, 30.000002), (-3.7500002, 161.99998, 30.000002), (-3.7500002, 0, -30.000002), (-3.7500002, 0, 30.000002), (3.7500002, 0, -30.000002), (3.7500002, 0, 30.000002), (-3.7500002, 2, 30.000002), (-3.7500002, 0, 30.000002), (-3.7500002, 2, -30.000002), (-3.7500002, 0, -30.000002), (3.7500002, 0, 30.000002), (3.7500002, 2, 30.000002), (3.7500002, 0, -30.000002), (3.7500002, 2, -30.000002), (-1.25, 2, 30.000002), (-1.25, 2, -30.000002), (3.7500002, 2, 30.000002), (3.7500002, 2, -30.000002), (-3.7500002, 161.99998, 30.000002), (-3.7500002, 2, 30.000002), (-3.7500002, 161.99998, -30.000002), (-3.7500002, 2, -30.000002), (-3.7500002, 161.99998, -30.000002), (-3.7500002, 2, 30.000002), (-3.7500002, 161.99998, 30.000002), (-3.7500002, 161.99998, -30.000002), (-1.25, 161.99998, 30.000002), (-1.25, 161.99998, -30.000002), (-3.7500002, 2, -30.000002), (-1.25, 2, -30.000002), (-3.7500002, 161.99998, -30.000002), (-1.25, 161.99998, -30.000002), (3.7500002, 2, -30.000002), (3.7500002, 0, -30.000002), (-3.7500002, 0, -30.000002), (-1.25, 161.99998, 30.000002), (-1.25, 7.0798516, 24.920147), (-1.25, 2, 30.000002), (-1.25, 2, -30.000002), (-1.25, 7.0798516, -24.920147), (-1.25, 156.92015, -24.920147), (-1.25, 156.92015, 24.920147), (-1.25, 161.99998, -30.000002), (3.7500002, 0, 30.000002), (-3.7500002, 0, 30.000002), (3.7500002, 2, 30.000002), (-3.7500002, 2, 30.000002), (-1.25, 2, 30.000002), (-1.25, 161.99998, 30.000002), (-3.7500002, 161.99998, 30.000002), (-3.7500002, 0, -30.000002), (-3.7500002, 0, 30.000002), (3.7500002, 0, -30.000002), (3.7500002, 0, 30.000002), (-3.7500002, 2, 30.000002), (-3.7500002, 0, 30.000002), (-3.7500002, 2, -30.000002), (-3.7500002, 0, -30.000002), (3.7500002, 0, 30.000002), (3.7500002, 2, 30.000002), (3.7500002, 0, -30.000002), (3.7500002, 2, -30.000002), (-1.25, 2, 30.000002), (-1.25, 2, -30.000002), (3.7500002, 2, 30.000002), (3.7500002, 2, -30.000002), (-3.7500002, 161.99998, 30.000002), (-3.7500002, 2, 30.000002), (-3.7500002, 161.99998, -30.000002), (-3.7500002, 2, -30.000002), (-3.7500002, 161.99998, -30.000002), (-3.7500002, 2, 30.000002)]
            texCoord2f[] primvars:st = [(-0.492126, -11.811024), (-1.476378, 11.811024), (-1.476378, -11.811024), (-1.476378, 11.811024), (-0.492126, -11.811024), (-0.492126, 11.811024), (1.476378, 63.779526), (0.492126, 0.78740156), (1.476378, 0.78740156), (0.492126, 0.78740156), (1.476378, 63.779526), (0.492126, 63.779526), (-1.476378, 0.78740156), (1.476378, 0.78740156), (0.492126, 0.78740156), (-1.476378, 0), (1.476378, 0.78740156), (-1.476378, 0.78740156), (1.476378, 0.78740156), (-1.476378, 0), (1.476378, 0), (-11.811024, 0.78740156), (-9.811082, 2.7873433), (-11.811024, 63.779526), (-9.811082, 2.7873433), (-11.811024, 0.78740156), (11.811024, 0.78740156), (-9.811082, 2.7873433), (11.811024, 0.78740156), (9.811082, 2.7873433), (9.811082, 2.7873433), (11.811024, 0.78740156), (9.811082, 61.779587), (-9.811082, 61.779587), (-11.811024, 63.779526), (-9.811082, 2.7873433), (-11.811024, 63.779526), (-9.811082, 61.779587), (11.811024, 63.779526), (11.811024, 63.779526), (-9.811082, 61.779587), (9.811082, 61.779587), (11.811024, 63.779526), (9.811082, 61.779587), (11.811024, 0.78740156), (1.476378, 0.78740156), (-1.476378, 0), (1.476378, 0), (-1.476378, 0), (1.476378, 0.78740156), (-1.476378, 0.78740156), (-1.476378, 0.78740156), (1.476378, 0.78740156), (-0.492126, 0.78740156), (-1.476378, 0.78740156), (-0.492126, 0.78740156), (-0.492126, 63.779526), (-1.476378, 0.78740156), (-0.492126, 63.779526), (-1.476378, 63.779526), (-1.476378, 11.811024), (1.476378, -11.811024), (1.476378, 11.811024), (1.476378, -11.811024), (-1.476378, 11.811024), (-1.476378, -11.811024), (-11.811024, 0.78740156), (11.811024, 0), (11.811024, 0.78740156), (11.811024, 0), (-11.811024, 0.78740156), (-11.811024, 0), (11.811024, 0), (-11.811024, 0.78740156), (-11.811024, 0), (-11.811024, 0.78740156), (11.811024, 0), (11.811024, 0.78740156), (1.476378, -11.811024), (-0.492126, 11.811024), (-0.492126, -11.811024), (-0.492126, 11.811024), (1.476378, -11.811024), (1.476378, 11.811024), (9.811082, 2.7873433), (-9.811082, 61.779587), (-9.811082, 2.7873433), (-9.811082, 61.779587), (9.811082, 2.7873433), (9.811082, 61.779587), (-9.811082, 61.779587), (9.811082, 2.7873433), (9.811082, 61.779587), (-9.811082, 61.779587), (9.811082, 2.7873433), (9.811082, 61.779587)] (
                interpolation = "faceVarying"
            )
            uniform token subdivisionScheme = "none"
            float3 xformOp:rotateXYZ = (0, 0, 0)
            float3 xformOp:scale = (1, 1, 1)
            double3 xformOp:translate = (64.46565693288002, 180.5923490414727, 0)
            uniform token[] xformOpOrder = ["xformOp:translate", "xformOp:rotateXYZ", "xformOp:scale"]

            def GeomSubset "border" (
                apiSchemas = ["MaterialBindingAPI"]
            )
            {
                uniform token elementType = "face"
                uniform token familyName = "materialBind"
                int[] indices = [0, 1, 2, 3, 4, 5, 6, 7, 8, 9, 10, 11, 12, 13, 14, 15, 16, 17, 18, 19, 20, 21, 22, 23, 24, 25, 26, 27]
                rel material:binding = None
            }

            def GeomSubset "roof" (
                apiSchemas = ["MaterialBindingAPI"]
            )
            {
                uniform token elementType = "face"
                uniform token familyName = "materialBind"
                int[] indices = [28, 29]
                rel material:binding = None
            }

            def GeomSubset "subset_defaultMat" (
                apiSchemas = ["MaterialBindingAPI"]
            )
            {
                uniform token elementType = "face"
                uniform token familyName = "materialBind"
                int[] indices = [30, 31]
                rel material:binding = None
            }
        }

        def Mesh "skyscraperF"
        {
            float3[] extent = [(-62, -1.8047785e-14, -62), (62, 408, 62)]
            int[] faceVertexCounts = [3, 3, 3, 3, 3, 3, 3, 3, 3, 3, 3, 3, 3, 3, 3, 3, 3, 3, 3, 3, 3, 3, 3, 3, 3, 3, 3, 3, 3, 3, 3, 3, 3, 3, 3, 3, 3, 3, 3, 3, 3, 3, 3, 3, 3, 3, 3, 3, 3, 3, 3, 3, 3, 3, 3, 3, 3, 3, 3, 3, 3, 3, 3, 3, 3, 3, 3, 3, 3, 3, 3, 3, 3, 3, 3, 3, 3, 3, 3, 3, 3, 3, 3, 3, 3, 3, 3, 3, 3, 3, 3, 3, 3, 3, 3, 3, 3, 3, 3, 3, 3, 3, 3, 3, 3, 3, 3, 3, 3, 3, 3, 3, 3, 3, 3, 3, 3, 3, 3, 3, 3, 3, 3, 3, 3, 3, 3, 3, 3, 3, 3, 3, 3, 3, 3, 3, 3, 3, 3, 3, 3, 3, 3, 3, 3, 3, 3, 3, 3, 3, 3, 3, 3, 3, 3, 3, 3, 3, 3, 3, 3, 3, 3, 3, 3, 3, 3, 3, 3, 3, 3, 3, 3, 3, 3, 3, 3, 3, 3, 3, 3, 3, 3, 3, 3, 3, 3, 3, 3, 3, 3, 3, 3, 3, 3, 3, 3, 3, 3, 3, 3, 3, 3, 3, 3, 3, 3, 3, 3, 3, 3, 3, 3, 3, 3, 3, 3, 3, 3, 3, 3, 3, 3, 3, 3, 3, 3, 3, 3, 3, 3, 3, 3, 3, 3, 3, 3, 3, 3, 3, 3, 3, 3, 3, 3, 3, 3, 3, 3, 3, 3, 3, 3, 3, 3, 3, 3, 3, 3, 3, 3, 3, 3, 3, 3, 3, 3, 3, 3, 3, 3, 3, 3, 3, 3, 3, 3, 3, 3, 3, 3, 3, 3, 3, 3, 3, 3, 3, 3, 3, 3, 3, 3, 3, 3, 3, 3, 3, 3, 3, 3, 3, 3, 3, 3, 3, 3, 3, 3, 3, 3, 3, 3, 3, 3, 3, 3, 3, 3, 3, 3, 3, 3, 3, 3, 3, 3, 3, 3, 3, 3, 3, 3, 3, 3, 3, 3, 3, 3, 3, 3, 3, 3, 3, 3, 3, 3, 3, 3, 3, 3, 3, 3, 3, 3, 3, 3, 3, 3, 3, 3, 3, 3, 3, 3, 3, 3, 3, 3, 3, 3, 3, 3, 3, 3, 3, 3, 3, 3, 3, 3, 3, 3, 3, 3, 3, 3, 3, 3, 3, 3, 3, 3, 3, 3, 3, 3, 3, 3, 3, 3, 3, 3, 3, 3, 3, 3, 3, 3, 3, 3, 3, 3, 3, 3, 3, 3, 3, 3, 3, 3, 3, 3, 3, 3, 3, 3, 3, 3, 3, 3, 3, 3, 3, 3, 3, 3, 3, 3, 3, 3, 3, 3, 3, 3, 3, 3, 3, 3, 3, 3, 3, 3, 3, 3, 3]
            int[] faceVertexIndices = [2, 1, 0, 1, 2, 3, 6, 5, 4, 5, 6, 7, 7, 6, 8, 8, 6, 9, 9, 6, 10, 10, 6, 11, 10, 11, 12, 12, 11, 13, 13, 14, 12, 14, 13, 15, 12, 14, 16, 16, 14, 17, 17, 14, 18, 18, 14, 19, 19, 14, 20, 21, 16, 17, 22, 9, 10, 23, 5, 7, 26, 25, 24, 25, 26, 27, 30, 29, 28, 29, 30, 31, 34, 33, 32, 33, 34, 35, 38, 37, 36, 37, 38, 39, 42, 41, 40, 41, 42, 43, 46, 45, 44, 45, 46, 47, 50, 49, 48, 49, 50, 51, 54, 53, 52, 53, 54, 55, 53, 55, 56, 56, 55, 57, 60, 59, 58, 59, 60, 61, 64, 63, 62, 63, 64, 65, 68, 67, 66, 67, 68, 69, 72, 71, 70, 71, 72, 73, 76, 75, 74, 75, 76, 77, 80, 79, 78, 79, 80, 81, 81, 80, 82, 82, 80, 83, 86, 85, 84, 85, 86, 87, 90, 89, 88, 89, 90, 91, 94, 93, 92, 93, 94, 95, 98, 97, 96, 97, 98, 99, 99, 98, 100, 99, 100, 101, 101, 100, 102, 101, 102, 103, 104, 96, 97, 96, 104, 105, 104, 97, 106, 104, 106, 107, 107, 106, 101, 107, 101, 103, 110, 109, 108, 109, 110, 111, 114, 113, 112, 113, 114, 115, 118, 117, 116, 117, 118, 119, 122, 121, 120, 121, 122, 123, 126, 125, 124, 125, 126, 127, 127, 126, 128, 129, 128, 126, 129, 130, 128, 130, 129, 131, 134, 133, 132, 133, 134, 135, 135, 134, 136, 137, 136, 134, 137, 138, 136, 138, 137, 139, 142, 141, 140, 141, 142, 143, 146, 145, 144, 145, 146, 147, 150, 149, 148, 149, 150, 151, 148, 149, 152, 148, 152, 153, 154, 153, 152, 155, 153, 154, 155, 156, 153, 156, 155, 157, 157, 155, 158, 151, 159, 149, 159, 151, 160, 159, 160, 161, 161, 160, 162, 163, 162, 160, 163, 164, 162, 165, 164, 163, 164, 165, 166, 167, 166, 165, 166, 167, 168, 166, 168, 169, 169, 168, 170, 171, 170, 168, 171, 172, 170, 173, 172, 171, 173, 174, 172, 174, 173, 175, 178, 177, 176, 177, 178, 179, 182, 181, 180, 181, 182, 183, 181, 183, 184, 184, 183, 185, 184, 185, 186, 187, 186, 185, 188, 186, 187, 186, 188, 189, 190, 189, 188, 189, 190, 191, 194, 193, 192, 193, 194, 195, 198, 197, 196, 197, 198, 199, 202, 201, 200, 201, 202, 203, 206, 205, 204, 205, 206, 207, 207, 206, 208, 208, 206, 209, 212, 211, 210, 211, 212, 213, 216, 215, 214, 215, 216, 217, 220, 219, 218, 219, 220, 221, 224, 223, 222, 223, 224, 225, 228, 227, 226, 227, 228, 229, 229, 228, 230, 231, 230, 228, 231, 232, 230, 232, 231, 233, 236, 235, 234, 235, 236, 237, 237, 236, 238, 239, 238, 236, 239, 240, 238, 240, 239, 241, 244, 243, 242, 243, 244, 245, 248, 247, 246, 247, 248, 249, 252, 251, 250, 251, 252, 253, 256, 255, 254, 255, 256, 257, 260, 259, 258, 259, 260, 261, 264, 263, 262, 263, 264, 265, 263, 265, 266, 263, 266, 267, 270, 269, 268, 269, 270, 271, 274, 273, 272, 273, 274, 275, 275, 274, 276, 276, 274, 277, 280, 279, 278, 279, 280, 281, 284, 283, 282, 283, 284, 285, 285, 284, 286, 285, 286, 287, 290, 289, 288, 289, 290, 291, 294, 293, 292, 293, 294, 295, 298, 297, 296, 297, 298, 299, 302, 301, 300, 301, 302, 303, 303, 302, 304, 304, 302, 305, 304, 305, 306, 306, 305, 307, 308, 303, 304, 303, 308, 309, 309, 308, 307, 309, 307, 305, 309, 305, 310, 309, 310, 311, 314, 313, 312, 313, 314, 315, 315, 314, 316, 317, 316, 314, 317, 318, 316, 318, 317, 319, 322, 321, 320, 321, 322, 323, 326, 325, 324, 325, 326, 327, 330, 329, 328, 329, 330, 331, 331, 330, 332, 331, 332, 333, 336, 335, 334, 335, 336, 337, 337, 336, 338, 339, 338, 336, 339, 340, 338, 340, 339, 341, 344, 343, 342, 343, 344, 345, 348, 347, 346, 347, 348, 349, 352, 351, 350, 351, 352, 353, 356, 355, 354, 355, 356, 357, 360, 359, 358, 359, 360, 361, 364, 363, 362, 363, 364, 365, 368, 367, 366, 367, 368, 369, 372, 371, 370, 371, 372, 373, 373, 372, 374, 373, 374, 375, 378, 377, 376, 377, 378, 379, 1137, 1136, 1135, 1136, 1137, 1138, 1141, 1140, 1139, 1140, 1141, 1142, 1145, 1144, 1143, 1144, 1145, 1146, 1149, 1148, 1147, 1148, 1149, 1150, 1153, 1152, 1151, 1152, 1153, 1154, 1157, 1156, 1155, 1156, 1157, 1158, 1161, 1160, 1159, 1160, 1161, 1162, 1165, 1164, 1163, 1164, 1165, 1166, 1169, 1168, 1167, 1168, 1169, 1170, 1173, 1172, 1171, 1172, 1173, 1174, 1177, 1176, 1175, 1176, 1177, 1178, 1936, 1935, 1934, 1939, 1938, 1937, 1942, 1941, 1940, 1945, 1944, 1943, 1948, 1947, 1946, 1951, 1950, 1949, 1954, 1953, 1952, 1957, 1956, 1955, 1960, 1959, 1958, 1963, 1962, 1961, 1966, 1965, 1964, 1969, 1968, 1967, 1972, 1971, 1970, 1972, 1974, 1973, 1976, 1974, 1975, 1976, 1978, 1977, 1981, 1980, 1979, 1983, 1980, 1982, 1985, 1980, 1984, 1987, 1980, 1986, 1989, 1980, 1988, 1992, 1991, 1990, 1995, 1994, 1993, 1998, 1997, 1996, 2001, 2000, 1999, 2001, 2003, 2002, 2001, 2005, 2004, 2001, 2007, 2006, 2010, 2009, 2008, 2013, 2012, 2011, 2016, 2015, 2014, 2019, 2018, 2017, 2022, 2021, 2020, 2025, 2024, 2023, 2028, 2027, 2026, 2031, 2030, 2029, 2034, 2033, 2032, 2037, 2036, 2035, 2040, 2039, 2038, 2043, 2042, 2041, 2046, 2045, 2044, 2049, 2048, 2047, 2052, 2051, 2050, 2052, 2054, 2053, 2057, 2056, 2055, 2059, 2056, 2058, 2061, 2056, 2060, 2063, 2056, 2062, 2065, 2056, 2064, 2068, 2067, 2066, 2071, 2070, 2069, 2074, 2073, 2072, 2077, 2076, 2075, 2080, 2079, 2078, 2080, 2082, 2081, 2080, 2084, 2083, 2080, 2086, 2085, 2088, 2084, 2087, 2091, 2090, 2089, 2094, 2093, 2092, 2096, 2093, 2095, 2099, 2098, 2097, 2102, 2101, 2100, 2105, 2104, 2103, 2108, 2107, 2106, 2111, 2110, 2109, 2114, 2113, 2112, 2117, 2116, 2115, 2120, 2119, 2118, 2123, 2122, 2121, 2126, 2125, 2124, 2129, 2128, 2127, 2132, 2131, 2130, 2135, 2134, 2133, 2138, 2137, 2136, 2141, 2140, 2139, 2144, 2143, 2142, 2147, 2146, 2145, 2150, 2149, 2148, 2153, 2152, 2151, 2156, 2155, 2154, 2159, 2158, 2157, 2162, 2161, 2160, 2165, 2164, 2163, 2168, 2167, 2166, 2171, 2170, 2169, 2174, 2173, 2172, 2176, 2173, 2175, 2179, 2178, 2177, 2182, 2181, 2180, 2185, 2184, 2183, 2188, 2187, 2186, 2191, 2190, 2189, 2194, 2193, 2192, 2197, 2196, 2195, 2200, 2199, 2198, 2203, 2202, 2201, 2206, 2205, 2204, 2209, 2208, 2207, 2212, 2211, 2210, 2215, 2214, 2213, 2218, 2217, 2216, 2975, 2661, 2974, 2661, 2975, 2976, 2661, 2976, 2663, 2663, 2976, 2664, 2662, 2974, 2661, 2974, 2662, 2977, 2977, 2662, 2664, 2977, 2664, 2976, 2645, 2658, 2647, 2658, 2645, 2657, 2647, 2658, 2660, 2647, 2660, 2648, 2648, 2660, 2655, 2655, 2660, 2656, 2645, 2978, 2657, 2978, 2645, 2979, 2657, 2978, 2980, 2657, 2980, 2659, 2659, 2980, 2660, 2646, 2979, 2645, 2654, 2979, 2646, 2979, 2654, 2981, 2981, 2654, 2656, 2981, 2656, 2660, 2981, 2660, 2980, 2654, 2646, 2653, 2648, 2653, 2646, 2653, 2648, 2655, 2984, 2983, 2982, 2983, 2984, 2985, 2424, 2417, 2414, 2417, 2424, 2426, 2417, 2426, 2419, 2986, 2419, 2426, 2986, 2420, 2419, 2420, 2986, 2423, 2986, 2426, 2987, 2427, 2987, 2426, 2434, 2987, 2427, 2435, 2987, 2434, 2437, 2987, 2435, 2987, 2437, 2439, 2429, 2434, 2427, 2434, 2429, 2431, 2412, 2988, 2410, 2988, 2412, 2989, 2989, 2412, 2990, 2991, 2448, 2447, 2448, 2991, 2450, 2450, 2991, 2452, 2992, 2452, 2991, 2455, 2452, 2992, 2452, 2455, 2453, 2994, 2313, 2993, 2313, 2994, 2315, 2315, 2994, 2995, 2997, 2649, 2996, 2649, 2997, 2998, 2649, 2998, 2651, 2651, 2998, 2652, 2650, 2996, 2649, 2996, 2650, 2999, 2999, 2650, 2652, 2999, 2652, 2998, 3002, 3001, 3000, 3001, 3002, 3003, 3003, 3002, 3004, 3004, 3002, 3005, 3005, 3002, 3006, 3006, 3002, 3007, 3006, 3007, 3008, 3008, 3007, 3009, 3009, 3007, 3010, 3010, 3007, 3011, 3011, 3007, 3012, 3011, 3012, 3013, 3014, 3005, 3006, 3005, 3014, 3015, 3015, 3014, 3009, 3015, 3009, 3016, 3016, 3009, 3010, 3015, 3016, 3013, 3015, 3013, 3017, 3017, 3013, 3018, 3018, 3013, 3012, 3017, 3018, 3019]
            normal3f[] normals = [(-1, 0, -0), (-1, 0, -0), (-1, 0, -0), (-1, 0, -0), (-1, 0, -0), (-1, 0, -0), (0, -1, -0), (0, -1, -0), (0, -1, -0), (0, -1, -0), (0, -1, -0), (0, -1, -0), (0, -1, -0), (0, -1, -0), (0, -1, -0), (0, -1, -0), (0, -1, -0), (0, -1, -0), (0, -1, -0), (0, -1, -0), (0, -1, -0), (0, -1, -0), (0, -1, -0), (0, -1, -0), (0, -1, -0), (0, -1, -0), (0, -1, -0), (0, -1, -0), (0, -1, -0), (0, -1, -0), (0, -1, -0), (0, -1, -0), (0, -1, -0), (0, -1, -0), (0, -1, -0), (0, -1, -0), (0, -1, -0), (0, -1, -0), (0, -1, -0), (0, -1, -0), (0, -1, -0), (0, -1, -0), (0, -1, -0), (0, -1, -0), (0, -1, -0), (0, -1, -0), (0, -1, -0), (0, -1, -0), (0, -1, -0), (0, -1, -0), (0, -1, -0), (0, -1, -0), (0, -1, -0), (0, -1, -0), (0, -1, -0), (0, -1, -0), (0, -1, -0), (0, -1, -0), (0, -1, -0), (0, -1, -0), (-1, 0, -0), (-1, 0, -0), (-1, 0, -0), (-1, 0, -0), (-1, 0, -0), (-1, 0, -0), (1, 0, -0), (1, 0, -0), (1, 0, -0), (1, 0, -0), (1, 0, -0), (1, 0, -0), (0, -1, -0), (0, -1, -0), (0, -1, -0), (0, -1, -0), (0, -1, -0), (0, -1, -0), (-0.70710677, 0, -0.70710677), (-0.70710677, 0, -0.70710677), (-0.70710677, 0, -0.70710677), (-0.70710677, 0, -0.70710677), (-0.70710677, 0, -0.70710677), (-0.70710677, 0, -0.70710677), (1, 0, -0), (1, 0, -0), (1, 0, -0), (1, 0, -0), (1, 0, -0), (1, 0, -0), (1, 0, -0), (1, 0, -0), (1, 0, -0), (1, 0, -0), (1, 0, -0), (1, 0, -0), (-1, 0, -0), (-1, 0, -0), (-1, 0, -0), (-1, 0, -0), (-1, 0, -0), (-1, 0, -0), (-1, 0, -0), (-1, 0, -0), (-1, 0, -0), (-1, 0, -0), (-1, 0, -0), (-1, 0, -0), (-1, 0, -0), (-1, 0, -0), (-1, 0, -0), (-1, 0, -0), (-1, 0, -0), (-1, 0, -0), (-1, 0, -0), (-1, 0, -0), (-1, 0, -0), (-1, 0, -0), (-1, 0, -0), (-1, 0, -0), (-1, 0, -0), (-1, 0, -0), (-1, 0, -0), (-1, 0, -0), (-1, 0, -0), (-1, 0, -0), (0, -1, -0), (0, -1, -0), (0, -1, -0), (0, -1, -0), (0, -1, -0), (0, -1, -0), (-1, 0, -0), (-1, 0, -0), (-1, 0, -0), (-1, 0, -0), (-1, 0, -0), (-1, 0, -0), (1, 0, -0), (1, 0, -0), (1, 0, -0), (1, 0, -0), (1, 0, -0), (1, 0, -0), (0, 0, 1), (0, 0, 1), (0, 0, 1), (0, 0, 1), (0, 0, 1), (0, 0, 1), (0, 0, 1), (0, 0, 1), (0, 0, 1), (0, 0, 1), (0, 0, 1), (0, 0, 1), (1, 0, -0), (1, 0, -0), (1, 0, -0), (1, 0, -0), (1, 0, -0), (1, 0, -0), (0, 0, -1), (0, 0, -1), (0, 0, -1), (0, 0, -1), (0, 0, -1), (0, 0, -1), (0, -1, -0), (0, -1, -0), (0, -1, -0), (0, -1, -0), (0, -1, -0), (0, -1, -0), (0, -1, -0), (0, -1, -0), (0, -1, -0), (0, -1, -0), (0, -1, -0), (0, -1, -0), (0, -1, -0), (0, -1, -0), (0, -1, -0), (0, -1, -0), (0, -1, -0), (0, -1, -0), (0, -1, -0), (0, -1, -0), (0, -1, -0), (0, -1, -0), (0, -1, -0), (0, -1, -0), (0, -1, -0), (0, -1, -0), (0, -1, -0), (0, -1, -0), (0, -1, -0), (0, -1, -0), (0, -1, -0), (0, -1, -0), (0, -1, -0), (0, -1, -0), (0, -1, -0), (0, -1, -0), (0, -1, -0), (0, -1, -0), (0, -1, -0), (0, -1, -0), (0, -1, -0), (0, -1, -0), (0, 0, -1), (0, 0, -1), (0, 0, -1), (0, 0, -1), (0, 0, -1), (0, 0, -1), (0, 1, -0), (0, 1, -0), (0, 1, -0), (0, 1, -0), (0, 1, -0), (0, 1, -0), (1, 0, -0), (1, 0, -0), (1, 0, -0), (1, 0, -0), (1, 0, -0), (1, 0, -0), (-1, 0, -0), (-1, 0, -0), (-1, 0, -0), (-1, 0, -0), (-1, 0, -0), (-1, 0, -0), (0, 0, 1), (0, 0, 1), (0, 0, 1), (0, 0, 1), (0, 0, 1), (0, 0, 1), (0, 0, 1), (0, 0, 1), (0, 0, 1), (0, 0, 1), (0, 0, 1), (0, 0, 1), (0, 0, 1), (0, 0, 1), (0, 0, 1), (0, 0, 1), (0, 0, 1), (0, 0, 1), (0, 0, 1), (0, 0, 1), (0, 0, 1), (0, 0, 1), (0, 0, 1), (0, 0, 1), (0, 0, 1), (0, 0, 1), (0, 0, 1), (0, 0, 1), (0, 0, 1), (0, 0, 1), (0, 0, 1), (0, 0, 1), (0, 0, 1), (0, 0, 1), (0, 0, 1), (0, 0, 1), (0, -1, -0), (0, -1, -0), (0, -1, -0), (0, -1, -0), (0, -1, -0), (0, -1, -0), (1, 0, -0), (1, 0, -0), (1, 0, -0), (1, 0, -0), (1, 0, -0), (1, 0, -0), (0, 0, 1), (0, 0, 1), (0, 0, 1), (0, 0, 1), (0, 0, 1), (0, 0, 1), (0, 0, 1), (0, 0, 1), (0, 0, 1), (0, 0, 1), (0, 0, 1), (0, 0, 1), (0, 0, 1), (0, 0, 1), (0, 0, 1), (0, 0, 1), (0, 0, 1), (0, 0, 1), (0, 0, 1), (0, 0, 1), (0, 0, 1), (0, 0, 1), (0, 0, 1), (0, 0, 1), (0, 0, 1), (0, 0, 1), (0, 0, 1), (0, 0, 1), (0, 0, 1), (0, 0, 1), (0, 0, 1), (0, 0, 1), (0, 0, 1), (0, 0, 1), (0, 0, 1), (0, 0, 1), (0, 0, 1), (0, 0, 1), (0, 0, 1), (0, 0, 1), (0, 0, 1), (0, 0, 1), (0, 0, 1), (0, 0, 1), (0, 0, 1), (0, 0, 1), (0, 0, 1), (0, 0, 1), (0, 0, 1), (0, 0, 1), (0, 0, 1), (0, 0, 1), (0, 0, 1), (0, 0, 1), (0, 0, 1), (0, 0, 1), (0, 0, 1), (0, 0, 1), (0, 0, 1), (0, 0, 1), (0, 0, 1), (0, 0, 1), (0, 0, 1), (0, 0, 1), (0, 0, 1), (0, 0, 1), (0, 0, 1), (0, 0, 1), (0, 0, 1), (0, 0, 1), (0, 0, 1), (0, 0, 1), (0, 0, 1), (0, 0, 1), (0, 0, 1), (0, 0, 1), (0, 0, 1), (0, 0, 1), (1, 0, -0), (1, 0, -0), (1, 0, -0), (1, 0, -0), (1, 0, -0), (1, 0, -0), (0, 0, -1), (0, 0, -1), (0, 0, -1), (0, 0, -1), (0, 0, -1), (0, 0, -1), (0, 0, -1), (0, 0, -1), (0, 0, -1), (0, 0, -1), (0, 0, -1), (0, 0, -1), (0, 0, -1), (0, 0, -1), (0, 0, -1), (0, 0, -1), (0, 0, -1), (0, 0, -1), (0, 0, -1), (0, 0, -1), (0, 0, -1), (0, 0, -1), (0, 0, -1), (0, 0, -1), (0, 0, -1), (0, 0, -1), (0, 0, -1), (0, 0, -1), (0, 0, -1), (0, 0, -1), (-1, 0, -0), (-1, 0, -0), (-1, 0, -0), (-1, 0, -0), (-1, 0, -0), (-1, 0, -0), (0, -1, -0), (0, -1, -0), (0, -1, -0), (0, -1, -0), (0, -1, -0), (0, -1, -0), (-0.70710677, 0, 0.70710677), (-0.70710677, 0, 0.70710677), (-0.70710677, 0, 0.70710677), (-0.70710677, 0, 0.70710677), (-0.70710677, 0, 0.70710677), (-0.70710677, 0, 0.70710677), (-1, 0, -0), (-1, 0, -0), (-1, 0, -0), (-1, 0, -0), (-1, 0, -0), (-1, 0, -0), (-1, 0, -0), (-1, 0, -0), (-1, 0, -0), (-1, 0, -0), (-1, 0, -0), (-1, 0, -0), (1, 0, -0), (1, 0, -0), (1, 0, -0), (1, 0, -0), (1, 0, -0), (1, 0, -0), (0, 0, 1), (0, 0, 1), (0, 0, 1), (0, 0, 1), (0, 0, 1), (0, 0, 1), (1, 0, -0), (1, 0, -0), (1, 0, -0), (1, 0, -0), (1, 0, -0), (1, 0, -0), (0, 1, -0), (0, 1, -0), (0, 1, -0), (0, 1, -0), (0, 1, -0), (0, 1, -0), (0, 0, 1), (0, 0, 1), (0, 0, 1), (0, 0, 1), (0, 0, 1), (0, 0, 1), (0, 0, 1), (0, 0, 1), (0, 0, 1), (0, 0, 1), (0, 0, 1), (0, 0, 1), (0, 0, 1), (0, 0, 1), (0, 0, 1), (0, 0, 1), (0, 0, 1), (0, 0, 1), (0, 0, -1), (0, 0, -1), (0, 0, -1), (0, 0, -1), (0, 0, -1), (0, 0, -1), (0, 0, -1), (0, 0, -1), (0, 0, -1), (0, 0, -1), (0, 0, -1), (0, 0, -1), (0, 0, -1), (0, 0, -1), (0, 0, -1), (0, 0, -1), (0, 0, -1), (0, 0, -1), (-1, 0, -0), (-1, 0, -0), (-1, 0, -0), (-1, 0, -0), (-1, 0, -0), (-1, 0, -0), (-1, 0, -0), (-1, 0, -0), (-1, 0, -0), (-1, 0, -0), (-1, 0, -0), (-1, 0, -0), (0, -1, -0), (0, -1, -0), (0, -1, -0), (0, -1, -0), (0, -1, -0), (0, -1, -0), (-1, 0, -0), (-1, 0, -0), (-1, 0, -0), (-1, 0, -0), (-1, 0, -0), (-1, 0, -0), (0.70710677, 0, 0.70710677), (0.70710677, 0, 0.70710677), (0.70710677, 0, 0.70710677), (0.70710677, 0, 0.70710677), (0.70710677, 0, 0.70710677), (0.70710677, 0, 0.70710677), (1, 0, -0), (1, 0, -0), (1, 0, -0), (1, 0, -0), (1, 0, -0), (1, 0, -0), (1, 0, -0), (1, 0, -0), (1, 0, -0), (1, 0, -0), (1, 0, -0), (1, 0, -0), (-1, 0, -0), (-1, 0, -0), (-1, 0, -0), (-1, 0, -0), (-1, 0, -0), (-1, 0, -0), (0, 0, -1), (0, 0, -1), (0, 0, -1), (0, 0, -1), (0, 0, -1), (0, 0, -1), (0, 0, -1), (0, 0, -1), (0, 0, -1), (0, 0, -1), (0, 0, -1), (0, 0, -1), (0, -1, -0), (0, -1, -0), (0, -1, -0), (0, -1, -0), (0, -1, -0), (0, -1, -0), (0, 0, -1), (0, 0, -1), (0, 0, -1), (0, 0, -1), (0, 0, -1), (0, 0, -1), (0, 0, -1), (0, 0, -1), (0, 0, -1), (0, 0, -1), (0, 0, -1), (0, 0, -1), (1, 0, -0), (1, 0, -0), (1, 0, -0), (1, 0, -0), (1, 0, -0), (1, 0, -0), (0.70710677, 0, -0.70710677), (0.70710677, 0, -0.70710677), (0.70710677, 0, -0.70710677), (0.70710677, 0, -0.70710677), (0.70710677, 0, -0.70710677), (0.70710677, 0, -0.70710677), (0, -1, -0), (0, -1, -0), (0, -1, -0), (0, -1, -0), (0, -1, -0), (0, -1, -0), (0, 1, -0), (0, 1, -0), (0, 1, -0), (0, 1, -0), (0, 1, -0), (0, 1, -0), (0, 1, -0), (0, 1, -0), (0, 1, -0), (0, 1, -0), (0, 1, -0), (0, 1, -0), (0, 1, -0), (0, 1, -0), (0, 1, -0), (0, 1, -0), (0, 1, -0), (0, 1, -0), (0, 1, -0), (0, 1, -0), (0, 1, -0), (0, 1, -0), (0, 1, -0), (0, 1, -0), (0, 1, -0), (0, 1, -0), (0, 1, -0), (0, 1, -0), (0, 1, -0), (0, 1, -0), (0, 1, -0), (0, 1, -0), (0, 1, -0), (0, 1, -0), (0, 1, -0), (0, 1, -0), (0, 0, -1), (0, 0, -1), (0, 0, -1), (0, 0, -1), (0, 0, -1), (0, 0, -1), (0, 0, -1), (0, 0, -1), (0, 0, -1), (0, 0, -1), (0, 0, -1), (0, 0, -1), (0, 0, -1), (0, 0, -1), (0, 0, -1), (0, 0, -1), (0, 0, -1), (0, 0, -1), (0, -1, -0), (0, -1, -0), (0, -1, -0), (0, -1, -0), (0, -1, -0), (0, -1, -0), (0, 0, -1), (0, 0, -1), (0, 0, -1), (0, 0, -1), (0, 0, -1), (0, 0, -1), (0, 0, 1), (0, 0, 1), (0, 0, 1), (0, 0, 1), (0, 0, 1), (0, 0, 1), (0, 0, 1), (0, 0, 1), (0, 0, 1), (0, 0, 1), (0, 0, 1), (0, 0, 1), (0, 0, -1), (0, 0, -1), (0, 0, -1), (0, 0, -1), (0, 0, -1), (0, 0, -1), (0, 0, -1), (0, 0, -1), (0, 0, -1), (0, 0, -1), (0, 0, -1), (0, 0, -1), (0, 0, -1), (0, 0, -1), (0, 0, -1), (0, 0, -1), (0, 0, -1), (0, 0, -1), (1, 0, -0), (1, 0, -0), (1, 0, -0), (1, 0, -0), (1, 0, -0), (1, 0, -0), (1, 0, -0), (1, 0, -0), (1, 0, -0), (1, 0, -0), (1, 0, -0), (1, 0, -0), (-1, 0, -0), (-1, 0, -0), (-1, 0, -0), (-1, 0, -0), (-1, 0, -0), (-1, 0, -0), (1, 0, -0), (1, 0, -0), (1, 0, -0), (1, 0, -0), (1, 0, -0), (1, 0, -0), (0, -1, -0), (0, -1, -0), (0, -1, -0), (0, -1, -0), (0, -1, -0), (0, -1, -0), (0, 0, 1), (0, 0, 1), (0, 0, 1), (0, 0, 1), (0, 0, 1), (0, 0, 1), (0, 0, 1), (0, 0, 1), (0, 0, 1), (0, 0, 1), (0, 0, 1), (0, 0, 1), (1, 0, -0), (1, 0, -0), (1, 0, -0), (1, 0, -0), (1, 0, -0), (1, 0, -0), (1, 0, -0), (1, 0, -0), (1, 0, -0), (1, 0, -0), (1, 0, -0), (1, 0, -0), (-1, 0, -0), (-1, 0, -0), (-1, 0, -0), (-1, 0, -0), (-1, 0, -0), (-1, 0, -0), (0, 0, 1), (0, 0, 1), (0, 0, 1), (0, 0, 1), (0, 0, 1), (0, 0, 1), (0, 0, 1), (0, 0, 1), (0, 0, 1), (0, 0, 1), (0, 0, 1), (0, 0, 1), (0, 0, 1), (0, 0, 1), (0, 0, 1), (0, 0, 1), (0, 0, 1), (0, 0, 1), (0, 0, 1), (0, 0, 1), (0, 0, 1), (0, 0, 1), (0, 0, 1), (0, 0, 1), (0, 0, 1), (0, 0, 1), (0, 0, 1), (0, 0, 1), (0, 0, 1), (0, 0, 1), (0, 0, -1), (0, 0, -1), (0, 0, -1), (0, 0, -1), (0, 0, -1), (0, 0, -1), (0, 0, 1), (0, 0, 1), (0, 0, 1), (0, 0, 1), (0, 0, 1), (0, 0, 1), (0, 0, 1), (0, 0, 1), (0, 0, 1), (0, 0, 1), (0, 0, 1), (0, 0, 1), (0, 0, 1), (0, 0, 1), (0, 0, 1), (0, 0, 1), (0, 0, 1), (0, 0, 1), (0, 0, -1), (0, 0, -1), (0, 0, -1), (0, 0, -1), (0, 0, -1), (0, 0, -1), (0, 0, -1), (0, 0, -1), (0, 0, -1), (0, 0, -1), (0, 0, -1), (0, 0, -1), (0, 0.4472136, -0.8944272), (0, 0.4472136, -0.8944272), (0, 0.4472136, -0.8944272), (0, 0.4472136, -0.8944272), (0, 0.4472136, -0.8944272), (0, 0.4472136, -0.8944272), (0, 0, 1), (0, 0, 1), (0, 0, 1), (0, 0, 1), (0, 0, 1), (0, 0, 1), (0, 0, 1), (0, 0, 1), (0, 0, 1), (0, 0, 1), (0, 0, 1), (0, 0, 1), (0, 0, 1), (0, 0, 1), (0, 0, 1), (0, 0, 1), (0, 0, 1), (0, 0, 1), (0, 0, 1), (0, 0, 1), (0, 0, 1), (0, 0, 1), (0, 0, 1), (0, 0, 1), (0, 0, 1), (0, 0, 1), (0, 0, 1), (0, 0, 1), (0, 0, 1), (0, 0, 1), (0, 0, 1), (0, 0, 1), (0, 0, 1), (0, 0, 1), (0, 0, 1), (0, 0, 1), (0, 0, 1), (0, 0, 1), (0, 0, 1), (0, 0, 1), (0, 0, 1), (0, 0, 1), (0, 0, 1), (0, 0, 1), (0, 0, 1), (0, 0, 1), (0, 0, 1), (0, 0, 1), (0, 0, 1), (0, 0, 1), (0, 0, 1), (0, 0, 1), (0, 0, 1), (0, 0, 1), (0, 0, 1), (0, 0, 1), (0, 0, 1), (0, 0, 1), (0, 0, 1), (0, 0, 1), (0, 0, 1), (0, 0, 1), (0, 0, 1), (0, 0, 1), (0, 0, 1), (0, 0, 1), (0, 0, 1), (0, 0, 1), (0, 0, 1), (0, 0, 1), (0, 0, 1), (0, 0, 1), (0, 0, 1), (0, 0, 1), (0, 0, 1), (0, 0, 1), (0, 0, 1), (0, 0, 1), (0, 0, 1), (0, 0, 1), (0, 0, 1), (0, 0, 1), (0, 0, 1), (0, 0, 1), (0, 0, 1), (0, 0, 1), (0, 0, 1), (0, 0, 1), (0, 0, 1), (0, 0, 1), (0, 0, 1), (0, 0, 1), (0, 0, 1), (0, 0, 1), (0, 0, 1), (0, 0, 1), (0, 0, 1), (0, 0, 1), (0, 0, 1), (0, 0, 1), (0, 0, 1), (0, 0, 1), (1, 0, -0), (1, 0, -0), (1, 0, -0), (0, 0, -1), (0, 0, -1), (0, 0, -1), (0, 0, -1), (0, 0, -1), (0, 0, -1), (0, 0, -1), (0, 0, -1), (0, 0, -1), (0, 0, -1), (0, 0, -1), (0, 0, -1), (0, 0, -1), (0, 0, -1), (0, 0, -1), (0, 0, -1), (0, 0, -1), (0, 0, -1), (0, 0, -1), (0, 0, -1), (0, 0, -1), (0, 0, -1), (0, 0, -1), (0, 0, -1), (0, 0, -1), (0, 0, -1), (0, 0, -1), (0, 0, -1), (0, 0, -1), (0, 0, -1), (0, 0, -1), (0, 0, -1), (0, 0, -1), (0, 0, -1), (0, 0, -1), (0, 0, -1), (0, 0, -1), (0, 0, -1), (0, 0, -1), (0, 0, -1), (0, 0, -1), (0, 0, -1), (0, 0, -1), (0, 0, -1), (0, 0, -1), (0, 0, -1), (0, 0, -1), (0, 0, -1), (0, 0, -1), (0, 0, -1), (0, 0, -1), (0, 0, -1), (0, 0, -1), (0, 0, -1), (0, 0, -1), (0, 0, -1), (0, 0, -1), (0, 0, -1), (0, 0, -1), (0, 0, -1), (0, 0, -1), (0, 0, -1), (0, 0, -1), (0, 0, -1), (0, 0, -1), (0, 0, -1), (0, 0, -1), (0, 0, -1), (0, 0, -1), (0, 0, -1), (0, 0, -1), (0, 0, -1), (0, 0, -1), (0, 0, -1), (0, 0, -1), (0, 0, -1), (0, 0, -1), (0, 0, -1), (0, 0, -1), (0, 0, -1), (0, 0, -1), (0, 0, -1), (0, 0, -1), (0, 0, -1), (0, 0, -1), (0, 0, -1), (0, 0, -1), (0, 0, -1), (0, 0, -1), (0, 0, -1), (0, 0, -1), (0, 0, -1), (0, 0, -1), (0, 0, -1), (0, 0, -1), (0, 0, -1), (0, 0, -1), (0, 0, -1), (0, 0, -1), (0, 0, -1), (0, 0, -1), (0, 0, -1), (1, 0, -0), (1, 0, -0), (1, 0, -0), (-1, 0, -0), (-1, 0, -0), (-1, 0, -0), (0, 0.4472136, 0.8944272), (0, 0.4472136, 0.8944272), (0, 0.4472136, 0.8944272), (0, 0.4472136, 0.8944272), (0, 0.4472136, 0.8944272), (0, 0.4472136, 0.8944272), (-1, 0, -0), (-1, 0, -0), (-1, 0, -0), (1, 0, -0), (1, 0, -0), (1, 0, -0), (-1, 0, -0), (-1, 0, -0), (-1, 0, -0), (1, 0, -0), (1, 0, -0), (1, 0, -0), (0, 0.4472136, -0.8944272), (0, 0.4472136, -0.8944272), (0, 0.4472136, -0.8944272), (0, 0.4472136, -0.8944272), (0, 0.4472136, -0.8944272), (0, 0.4472136, -0.8944272), (-1, 0, -0), (-1, 0, -0), (-1, 0, -0), (-1, 0, -0), (-1, 0, -0), (-1, 0, -0), (1, 0, -0), (1, 0, -0), (1, 0, -0), (1, 0, -0), (1, 0, -0), (1, 0, -0), (1, 0, -0), (1, 0, -0), (1, 0, -0), (1, 0, -0), (1, 0, -0), (1, 0, -0), (1, 0, -0), (1, 0, -0), (1, 0, -0), (1, 0, -0), (1, 0, -0), (1, 0, -0), (0, 0.4472136, 0.8944272), (0, 0.4472136, 0.8944272), (0, 0.4472136, 0.8944272), (0, 0.4472136, 0.8944272), (0, 0.4472136, 0.8944272), (0, 0.4472136, 0.8944272), (1, 0, -0), (1, 0, -0), (1, 0, -0), (0, 0.4472136, 0.8944272), (0, 0.4472136, 0.8944272), (0, 0.4472136, 0.8944272), (0, 0.4472136, 0.8944272), (0, 0.4472136, 0.8944272), (0, 0.4472136, 0.8944272), (0, 0.4472136, -0.8944272), (0, 0.4472136, -0.8944272), (0, 0.4472136, -0.8944272), (0, 0.4472136, -0.8944272), (0, 0.4472136, -0.8944272), (0, 0.4472136, -0.8944272), (-1, 0, -0), (-1, 0, -0), (-1, 0, -0), (-1, 0, -0), (-1, 0, -0), (-1, 0, -0), (-1, 0, -0), (-1, 0, -0), (-1, 0, -0), (-1, 0, -0), (-1, 0, -0), (-1, 0, -0), (-1, 0, -0), (-1, 0, -0), (-1, 0, -0), (-1, 0, -0), (-1, 0, -0), (-1, 0, -0), (0, 0, 1), (0, 0, 1), (0, 0, 1), (0, 0, 1), (0, 0, 1), (0, 0, 1), (0, 0, 1), (0, 0, 1), (0, 0, 1), (0, 0, 1), (0, 0, 1), (0, 0, 1), (0, 0, 1), (0, 0, 1), (0, 0, 1), (0, 0, 1), (0, 0, 1), (0, 0, 1), (0, 0, 1), (0, 0, 1), (0, 0, 1), (0, 0, 1), (0, 0, 1), (0, 0, 1), (0, 0, 1), (0, 0, 1), (0, 0, 1), (0, 0, 1), (0, 0, 1), (0, 0, 1), (0, 0, 1), (0, 0, 1), (0, 0, 1), (0, 0, 1), (0, 0, 1), (0, 0, 1), (0, 0, 1), (0, 0, 1), (0, 0, 1), (0, 0, 1), (0, 0, 1), (0, 0, 1), (0, 0, 1), (0, 0, 1), (0, 0, 1), (0, 0, 1), (0, 0, 1), (0, 0, 1), (0, 0, 1), (0, 0, 1), (0, 0, 1), (0, 0, 1), (0, 0, 1), (0, 0, 1), (0, 0, 1), (0, 0, 1), (0, 0, 1), (0, 0, 1), (0, 0, 1), (0, 0, 1), (0, 0, 1), (0, 0, 1), (0, 0, 1), (0, 0, 1), (0, 0, 1), (0, 0, 1), (0, 0, 1), (0, 0, 1), (0, 0, 1), (0, 0, 1), (0, 0, 1), (0, 0, 1), (0, 0, 1), (0, 0, 1), (0, 0, 1), (0, 0, 1), (0, 0, 1), (0, 0, 1), (0, 0, 1), (0, 0, 1), (0, 0, 1), (0, 0, 1), (0, 0, 1), (0, 0, 1), (0, 0, -1), (0, 0, -1), (0, 0, -1), (0, 0, -1), (0, 0, -1), (0, 0, -1), (0, 0, 1), (0, 0, 1), (0, 0, 1), (0, 0, 1), (0, 0, 1), (0, 0, 1), (0, 0, 1), (0, 0, 1), (0, 0, 1), (0, 0, 1), (0, 0, 1), (0, 0, 1), (0, 0, 1), (0, 0, 1), (0, 0, 1), (0, 0, 1), (0, 0, 1), (0, 0, 1), (0, 0, 1), (0, 0, 1), (0, 0, 1), (0, 0, 1), (0, 0, 1), (0, 0, 1), (0, 0, 1), (0, 0, 1), (0, 0, 1), (0, 0, 1), (0, 0, 1), (0, 0, 1), (0, 0, 1), (0, 0, 1), (0, 0, 1), (0, 0, 1), (0, 0, 1), (0, 0, 1), (0, 0, 1), (0, 0, 1), (0, 0, 1), (0, 0, 1), (0, 0, 1), (0, 0, 1), (1, 0, -0), (1, 0, -0), (1, 0, -0), (1, 0, -0), (1, 0, -0), (1, 0, -0), (1, 0, -0), (1, 0, -0), (1, 0, -0), (0, 0, -1), (0, 0, -1), (0, 0, -1), (0, 0, -1), (0, 0, -1), (0, 0, -1), (0, 0, -1), (0, 0, -1), (0, 0, -1), (0, 0, -1), (0, 0, -1), (0, 0, -1), (0, 0, -1), (0, 0, -1), (0, 0, -1), (0, 0, -1), (0, 0, -1), (0, 0, -1), (-1, 0, -0), (-1, 0, -0), (-1, 0, -0), (-1, 0, -0), (-1, 0, -0), (-1, 0, -0), (-1, 0, -0), (-1, 0, -0), (-1, 0, -0), (0, 0, 1), (0, 0, 1), (0, 0, 1), (0, 0, 1), (0, 0, 1), (0, 0, 1), (0, 0, 1), (0, 0, 1), (0, 0, 1), (0, 0, 1), (0, 0, 1), (0, 0, 1), (0, 0, 1), (0, 0, 1), (0, 0, 1), (0, 0, 1), (0, 0, 1), (0, 0, 1), (0, 0, 1), (0, 0, 1), (0, 0, 1), (0, 0, 1), (0, 0, 1), (0, 0, 1), (0, 1, -0), (0, 1, -0), (0, 1, -0), (0, 1, -0), (0, 1, -0), (0, 1, -0), (0, 1, -0), (0, 1, -0), (0, 1, -0), (0, 1, -0), (0, 1, -0), (0, 1, -0), (0, 1, -0), (0, 1, -0), (0, 1, -0), (0, 1, -0), (0, 1, -0), (0, 1, -0), (0, 1, -0), (0, 1, -0), (0, 1, -0), (0, 1, -0), (0, 1, -0), (0, 1, -0), (0, 1, -0), (0, 1, -0), (0, 1, -0), (0, 1, -0), (0, 1, -0), (0, 1, -0), (0, 1, -0), (0, 1, -0), (0, 1, -0), (0, 1, -0), (0, 1, -0), (0, 1, -0), (0, 1, -0), (0, 1, -0), (0, 1, -0), (0, 1, -0), (0, 1, -0), (0, 1, -0), (0, 1, -0), (0, 1, -0), (0, 1, -0), (0, 1, -0), (0, 1, -0), (0, 1, -0), (0, 1, -0), (0, 1, -0), (0, 1, -0), (0, 1, -0), (0, 1, -0), (0, 1, -0), (0, 1, -0), (0, 1, -0), (0, 1, -0), (0, 1, -0), (0, 1, -0), (0, 1, -0), (0, 1, -0), (0, 1, -0), (0, 1, -0), (0, 1, -0), (0, 1, -0), (0, 1, -0)] (
                interpolation = "faceVarying"
            )
            point3f[] points = [(52, 26.999998, 60.000004), (52, -1.8047785e-14, 60.000004), (52, 26.999998, 58), (52, -1.8047785e-14, 58), (-60.000004, -1.8047785e-14, -60.000004), (-60.000004, -1.8047785e-14, 60.000004), (-7, 0, -60.000004), (-52, -1.8047785e-14, 58), (-28, -1.8047785e-14, 58), (-28, -1.8047785e-14, 60.000004), (-12, 0, 58), (-7, 0, -58), (12, 0, 58), (7, 0, -58), (60.000004, -1.8047785e-14, -60.000004), (7, 0, -60.000004), (12, 0, 60.000004), (28, -1.8047785e-14, 58), (52, -1.8047785e-14, 58), (52, -1.8047785e-14, 60.000004), (60.000004, -1.8047785e-14, 60.000004), (28, -1.8047785e-14, 60.000004), (-12, 0, 60.000004), (-52, -1.8047785e-14, 60.000004), (-33.23006, 386.76996, 60.000004), (-33.23006, 80, 60.000004), (-33.23006, 386.76996, 55), (-33.23006, 80, 55), (20, 400, -20), (20, 404, -20), (20, 400, -40), (20, 404, -40), (33.23006, 386.76996, -60.000004), (33.23006, 386.76996, -55), (46.76994, 386.76996, -60.000004), (46.76994, 386.76996, -55), (-62, 408, -60.000004), (-62, 403.00003, -60.000004), (-60.000004, 408, -62), (-60.000004, 403.00003, -62), (-7, 0, -58), (-7, 26.999998, -58), (-7, 0, -60.000004), (-7, 26.999998, -60.000004), (33.23006, 80, -55), (33.23006, 386.76996, -55), (33.23006, 80, -60.000004), (33.23006, 386.76996, -60.000004), (-60.000004, 5, 60.000004), (-60.000004, -1.8047785e-14, 60.000004), (-60.000004, 5, -60.000004), (-60.000004, -1.8047785e-14, -60.000004), (-60.000004, 400, 60.000004), (-60.000004, 400, 20), (-60.000004, 403.00003, 60.000004), (-60.000004, 403.00003, -60.000004), (-60.000004, 400, -20), (-60.000004, 400, -60.000004), (6.769941, 80, -55), (6.769941, 80, -60.000004), (6.769941, 386.76996, -55), (6.769941, 386.76996, -60.000004), (-28, 26.999998, 60.000004), (-28, -1.8047785e-14, 60.000004), (-28, 26.999998, 58), (-28, -1.8047785e-14, 58), (-7, 26.999998, -60.000004), (-7, 26.999998, -58), (7, 26.999998, -60.000004), (7, 26.999998, -58), (-62, 408, 60.000004), (-62, 403.00003, 60.000004), (-62, 408, -60.000004), (-62, 403.00003, -60.000004), (-9.999999, 400, -20), (-9.999999, 404, -20), (-9.999999, 400, -40), (-9.999999, 404, -40), (60.000004, 400, 60.000004), (20, 400, 60.000004), (60.000004, 403.00003, 60.000004), (-20, 400, 60.000004), (-60.000004, 400, 60.000004), (-60.000004, 403.00003, 60.000004), (-52, -1.8047785e-14, 60.000004), (-52, 26.999998, 60.000004), (-52, -1.8047785e-14, 58), (-52, 26.999998, 58), (-60.000004, 403.00003, -62), (60.000004, 403.00003, -62), (-60.000004, 408, -62), (60.000004, 408, -62), (-12, 26.999998, 58), (-12, 26.999998, 60.000004), (12, 26.999998, 58), (12, 26.999998, 60.000004), (-62, 403.00003, -60.000004), (-60.000004, 403.00003, 60.000004), (-60.000004, 403.00003, -62), (-60.000004, 403.00003, -60.000004), (60.000004, 403.00003, -62), (60.000004, 403.00003, -60.000004), (62, 403.00003, -60.000004), (62, 403.00003, 60.000004), (-60.000004, 403.00003, 62), (-62, 403.00003, 60.000004), (60.000004, 403.00003, 60.000004), (60.000004, 403.00003, 62), (10.000001, 400, -40), (20, 400, -40), (10.000001, 404, -40), (20, 404, -40), (-19.999998, 404, -20), (-19.999998, 404, -40), (-9.999999, 404, -20), (-9.999999, 404, -40), (28, -1.8047785e-14, 60.000004), (28, 26.999998, 60.000004), (28, -1.8047785e-14, 58), (28, 26.999998, 58), (7, 26.999998, -58), (7, 0, -58), (7, 26.999998, -60.000004), (7, 0, -60.000004), (-26.61503, 80, 60.000004), (-33.23006, 80, 60.000004), (-26.61503, 393.38498, 60.000004), (-33.23006, 386.76996, 60.000004), (-46.76994, 386.76996, 60.000004), (-53.384964, 393.38498, 60.000004), (-46.76994, 80, 60.000004), (-53.384964, 80, 60.000004), (53.384964, 80, 60.000004), (46.76994, 80, 60.000004), (53.384964, 393.38498, 60.000004), (46.76994, 386.76996, 60.000004), (33.23006, 386.76996, 60.000004), (26.61503, 393.38498, 60.000004), (33.23006, 80, 60.000004), (26.61503, 80, 60.000004), (-52, 26.999998, 58), (-52, 26.999998, 60.000004), (-28, 26.999998, 58), (-28, 26.999998, 60.000004), (60.000004, -1.8047785e-14, 60.000004), (60.000004, 5, 60.000004), (60.000004, -1.8047785e-14, -60.000004), (60.000004, 5, -60.000004), (-28, 26.999998, 60.000004), (-25, 5, 60.000004), (-28, -1.8047785e-14, 60.000004), (-12, 0, 60.000004), (-25, 30.000002, 60.000004), (-52, 26.999998, 60.000004), (-55, 30.000002, 60.000004), (-55, 5, 60.000004), (-52, -1.8047785e-14, 60.000004), (-60.000004, -1.8047785e-14, 60.000004), (-60.000004, 5, 60.000004), (-15.000001, 5, 60.000004), (-12, 26.999998, 60.000004), (-15.000001, 30.000002, 60.000004), (15.000001, 30.000002, 60.000004), (12, 26.999998, 60.000004), (15.000001, 5, 60.000004), (12, 0, 60.000004), (25, 5, 60.000004), (28, -1.8047785e-14, 60.000004), (28, 26.999998, 60.000004), (25, 30.000002, 60.000004), (55, 30.000002, 60.000004), (52, 26.999998, 60.000004), (55, 5, 60.000004), (52, -1.8047785e-14, 60.000004), (60.000004, 5, 60.000004), (60.000004, -1.8047785e-14, 60.000004), (-12, 0, 60.000004), (-12, 26.999998, 60.000004), (-12, 0, 58), (-12, 26.999998, 58), (-60.000004, -1.8047785e-14, -60.000004), (-7, 0, -60.000004), (-60.000004, 5, -60.000004), (-10, 5, -60.000004), (-7, 26.999998, -60.000004), (-10, 30.000002, -60.000004), (7, 26.999998, -60.000004), (10, 30.000002, -60.000004), (10, 5, -60.000004), (7, 0, -60.000004), (60.000004, 5, -60.000004), (60.000004, -1.8047785e-14, -60.000004), (12, 26.999998, 60.000004), (12, 0, 60.000004), (12, 26.999998, 58), (12, 0, 58), (28, 26.999998, 58), (28, 26.999998, 60.000004), (52, 26.999998, 58), (52, 26.999998, 60.000004), (-60.000004, 408, 62), (-60.000004, 403.00003, 62), (-62, 408, 60.000004), (-62, 403.00003, 60.000004), (55, 408, 55), (55, 400, 55), (55, 408, -55), (55, 400, 20), (55, 400, -20), (55, 400, -55), (62, 403.00003, 60.000004), (62, 408, 60.000004), (62, 403.00003, -60.000004), (62, 408, -60.000004), (20, 400, -20), (10.000001, 400, -20), (20, 404, -20), (10.000001, 404, -20), (-6.769941, 80, -55), (-6.7699404, 386.76996, -55), (-6.769941, 80, -60.000004), (-6.769941, 386.76996, -60.000004), (10.000001, 404, -20), (10.000001, 404, -40), (20, 404, -20), (20, 404, -40), (13.38497, 80, 60.000004), (6.769941, 80, 60.000004), (13.38497, 393.38498, 60.000004), (6.769941, 386.76996, 60.000004), (-6.769941, 386.76996, 60.000004), (-13.38497, 393.38498, 60.000004), (-6.769941, 80, 60.000004), (-13.38497, 80, 60.000004), (-53.384964, 80, -60.000004), (-46.76994, 80, -60.000004), (-53.384964, 393.38498, -60.000004), (-46.76994, 386.76996, -60.000004), (-33.23006, 386.76996, -60.000004), (-26.61503, 393.38498, -60.000004), (-33.23006, 80, -60.000004), (-26.61503, 80, -60.000004), (-33.23006, 80, -55), (-33.23006, 80, -60.000004), (-33.23006, 386.76996, -55), (-33.23006, 386.76996, -60.000004), (46.76994, 386.76996, 60.000004), (46.76994, 80, 60.000004), (46.76994, 386.76996, 55), (46.76994, 80, 55), (-6.769941, 386.76996, 55), (-6.769941, 386.76996, 60.000004), (6.769941, 386.76996, 55), (6.769941, 386.76996, 60.000004), (46.76994, 80, -55), (46.76994, 80, -60.000004), (46.76994, 386.76996, -55), (46.76994, 386.76996, -60.000004), (62, 403.00003, 60.000004), (60.000004, 403.00003, 62), (62, 408, 60.000004), (60.000004, 408, 62), (-55, 408, 55), (-55, 408, -55), (-55, 400, 55), (-55, 400, 20), (-55, 400, -20), (-55, 400, -55), (10.000001, 404, -20), (10.000001, 400, -20), (10.000001, 404, -40), (10.000001, 400, -40), (-55, 400, 55), (-20, 400, 55), (-55, 408, 55), (20, 400, 55), (55, 400, 55), (55, 408, 55), (33.23006, 386.76996, 55), (33.23006, 386.76996, 60.000004), (46.76994, 386.76996, 55), (46.76994, 386.76996, 60.000004), (-19.999998, 400, -60.000004), (20, 400, -60.000004), (-60.000004, 400, -60.000004), (60.000004, 400, -60.000004), (-60.000004, 403.00003, -60.000004), (60.000004, 403.00003, -60.000004), (33.23006, 80, 60.000004), (33.23006, 386.76996, 60.000004), (33.23006, 80, 55), (33.23006, 386.76996, 55), (62, 403.00003, -60.000004), (62, 408, -60.000004), (60.000004, 403.00003, -62), (60.000004, 408, -62), (-6.769941, 386.76996, -60.000004), (-6.7699404, 386.76996, -55), (6.769941, 386.76996, -60.000004), (6.769941, 386.76996, -55), (-62, 408, 60.000004), (-62, 408, -60.000004), (-60.000004, 408, 62), (-60.000004, 408, -62), (-55, 408, 55), (60.000004, 408, 62), (55, 408, 55), (55, 408, -55), (-55, 408, -55), (60.000004, 408, -62), (62, 408, 60.000004), (62, 408, -60.000004), (-13.38497, 80, -60.000004), (-6.769941, 80, -60.000004), (-13.38497, 393.38498, -60.000004), (-6.769941, 386.76996, -60.000004), (6.769941, 386.76996, -60.000004), (13.38497, 393.38498, -60.000004), (6.769941, 80, -60.000004), (13.38497, 80, -60.000004), (-46.76994, 386.76996, -60.000004), (-46.76994, 386.76996, -55), (-33.23006, 386.76996, -60.000004), (-33.23006, 386.76996, -55), (-19.999998, 400, -40), (-9.999999, 400, -40), (-19.999998, 404, -40), (-9.999999, 404, -40), (20, 400, -55), (-19.999998, 400, -55), (55, 400, -55), (-55, 400, -55), (55, 408, -55), (-55, 408, -55), (26.61503, 80, -60.000004), (33.23006, 80, -60.000004), (26.61503, 393.38498, -60.000004), (33.23006, 386.76996, -60.000004), (46.76994, 386.76996, -60.000004), (53.384964, 393.38498, -60.000004), (46.76994, 80, -60.000004), (53.384964, 80, -60.000004), (-46.76994, 80, 60.000004), (-46.76994, 386.76996, 60.000004), (-46.76994, 80, 55), (-46.76994, 386.76996, 55), (-6.769941, 80, 60.000004), (-6.769941, 386.76996, 60.000004), (-6.769941, 80, 55), (-6.769941, 386.76996, 55), (-19.999998, 404, -20), (-19.999998, 400, -20), (-19.999998, 404, -40), (-19.999998, 400, -40), (-46.76994, 80, -55), (-46.76994, 386.76996, -55), (-46.76994, 80, -60.000004), (-46.76994, 386.76996, -60.000004), (-46.76994, 386.76996, 55), (-46.76994, 386.76996, 60.000004), (-33.23006, 386.76996, 55), (-33.23006, 386.76996, 60.000004), (-9.999999, 400, -20), (-19.999998, 400, -20), (-9.999999, 404, -20), (-19.999998, 404, -20), (60.000004, 403.00003, 62), (-60.000004, 403.00003, 62), (60.000004, 408, 62), (-60.000004, 408, 62), (60.000004, 400, 60.000004), (60.000004, 403.00003, 60.000004), (60.000004, 400, 20), (60.000004, 403.00003, -60.000004), (60.000004, 400, -20), (60.000004, 400, -60.000004), (6.769941, 386.76996, 60.000004), (6.769941, 80, 60.000004), (6.769941, 386.76996, 55), (6.769941, 80, 55), (5, 2, 58), (-5, 2, 58), (5, 25, 58), (-5, 25, 58), (-30.000002, 5, 58), (-50, 5, 58), (-30.000002, 25, 58), (-50, 25, 58), (-7, 5, 58), (-10, 5, 58), (-7, 25, 58), (-10, 25, 58), (10, 5, 58), (7, 5, 58), (10, 25, 58), (7, 25, 58), (50, 5, 58), (30.000002, 5, 58), (50, 25, 58), (30.000002, 25, 58), (33.23006, 80, -55), (46.76994, 80, -55), (33.23006, 386.76996, -55), (46.76994, 386.76996, -55), (6.769941, 80, 55), (-6.769941, 80, 55), (6.769941, 386.76996, 55), (-6.769941, 386.76996, 55), (-33.23006, 80, 55), (-46.76994, 80, 55), (-33.23006, 386.76996, 55), (-46.76994, 386.76996, 55), (46.76994, 80, 55), (33.23006, 80, 55), (46.76994, 386.76996, 55), (33.23006, 386.76996, 55), (-6.769941, 80, -55), (6.769941, 80, -55), (-6.7699404, 386.76996, -55), (6.769941, 386.76996, -55), (-46.76994, 80, -55), (-33.23006, 80, -55), (-46.76994, 386.76996, -55), (-33.23006, 386.76996, -55), (-6.769941, 70, -60.000004), (6.769941, 70, -60.000004), (-6.769941, 80, -55), (6.769941, 80, -55), (-6.769941, 80, -55), (6.769941, 70, -60.000004), (33.23006, 70, 60.000004), (6.769941, 70, 60.000004), (33.23006, 80, 60.000004), (26.61503, 80, 60.000004), (33.23006, 80, 60.000004), (6.769941, 70, 60.000004), (6.769941, 80, 60.000004), (13.38497, 80, 60.000004), (6.769941, 70, 60.000004), (26.61503, 80, 60.000004), (6.769941, 70, 60.000004), (13.38497, 80, 60.000004), (53.384964, 80, 60.000004), (46.76994, 70, 60.000004), (46.76994, 80, 60.000004), (-6.769941, 70, 60.000004), (-33.23006, 70, 60.000004), (-6.769941, 80, 60.000004), (-13.38497, 80, 60.000004), (-6.769941, 80, 60.000004), (-33.23006, 70, 60.000004), (-46.76994, 70, 60.000004), (-53.384964, 80, 60.000004), (-46.76994, 80, 60.000004), (-60.000004, 40, 60.000004), (46.76994, 70, 60.000004), (60.000004, 40, 60.000004), (53.384964, 80, 60.000004), (60.000004, 40, 60.000004), (46.76994, 70, 60.000004), (60.000004, 400, 60.000004), (60.000004, 40, 60.000004), (53.384964, 80, 60.000004), (53.384964, 393.38498, 60.000004), (60.000004, 400, 60.000004), (20, 400, 60.000004), (-60.000004, 400, 60.000004), (-20, 400, 60.000004), (20, 400, 60.000004), (26.61503, 393.38498, 60.000004), (60.000004, 400, 60.000004), (53.384964, 393.38498, 60.000004), (13.38497, 393.38498, 60.000004), (26.61503, 393.38498, 60.000004), (-13.38497, 393.38498, 60.000004), (13.38497, 393.38498, 60.000004), (-26.61503, 393.38498, 60.000004), (-13.38497, 393.38498, 60.000004), (-53.384964, 393.38498, 60.000004), (-26.61503, 393.38498, 60.000004), (-60.000004, 400, 60.000004), (-53.384964, 80, 60.000004), (-60.000004, 40, 60.000004), (-46.76994, 70, 60.000004), (-60.000004, 40, 60.000004), (-53.384964, 80, 60.000004), (46.76994, 70, 60.000004), (-60.000004, 40, 60.000004), (-46.76994, 70, 60.000004), (33.23006, 70, 60.000004), (46.76994, 70, 60.000004), (-46.76994, 70, 60.000004), (6.769941, 70, 60.000004), (33.23006, 70, 60.000004), (-6.769941, 70, 60.000004), (6.769941, 70, 60.000004), (-33.23006, 70, 60.000004), (-6.769941, 70, 60.000004), (-53.384964, 393.38498, 60.000004), (-53.384964, 80, 60.000004), (-60.000004, 400, 60.000004), (60.000004, 400, 60.000004), (-53.384964, 393.38498, 60.000004), (-60.000004, 400, 60.000004), (-13.38497, 80, 60.000004), (-26.61503, 80, 60.000004), (-13.38497, 393.38498, 60.000004), (-26.61503, 393.38498, 60.000004), (-13.38497, 393.38498, 60.000004), (-26.61503, 80, 60.000004), (26.61503, 80, 60.000004), (13.38497, 80, 60.000004), (26.61503, 393.38498, 60.000004), (13.38497, 393.38498, 60.000004), (26.61503, 393.38498, 60.000004), (13.38497, 80, 60.000004), (-33.23006, 80, 60.000004), (-26.61503, 80, 60.000004), (-33.23006, 70, 60.000004), (-13.38497, 80, 60.000004), (-33.23006, 70, 60.000004), (-26.61503, 80, 60.000004), (-46.76994, 70, -60.000004), (-46.76994, 80, -55), (-46.76994, 80, -60.000004), (6.769941, 70, -60.000004), (33.23006, 70, -60.000004), (6.769941, 80, -60.000004), (13.38497, 80, -60.000004), (6.769941, 80, -60.000004), (33.23006, 70, -60.000004), (46.76994, 70, -60.000004), (53.384964, 80, -60.000004), (46.76994, 80, -60.000004), (60.000004, 40, -60.000004), (-46.76994, 70, -60.000004), (-60.000004, 40, -60.000004), (-53.384964, 80, -60.000004), (-60.000004, 40, -60.000004), (-46.76994, 70, -60.000004), (-60.000004, 400, -60.000004), (-60.000004, 40, -60.000004), (-53.384964, 80, -60.000004), (-53.384964, 393.38498, -60.000004), (-60.000004, 400, -60.000004), (-26.61503, 393.38498, -60.000004), (-60.000004, 400, -60.000004), (-53.384964, 393.38498, -60.000004), (-13.38497, 393.38498, -60.000004), (-26.61503, 393.38498, -60.000004), (13.38497, 393.38498, -60.000004), (-13.38497, 393.38498, -60.000004), (26.61503, 393.38498, -60.000004), (13.38497, 393.38498, -60.000004), (53.384964, 393.38498, -60.000004), (26.61503, 393.38498, -60.000004), (-19.999998, 400, -60.000004), (-60.000004, 400, -60.000004), (53.384964, 393.38498, -60.000004), (60.000004, 400, -60.000004), (53.384964, 80, -60.000004), (60.000004, 40, -60.000004), (46.76994, 70, -60.000004), (60.000004, 40, -60.000004), (53.384964, 80, -60.000004), (-46.76994, 70, -60.000004), (60.000004, 40, -60.000004), (46.76994, 70, -60.000004), (-33.23006, 70, -60.000004), (-46.76994, 70, -60.000004), (46.76994, 70, -60.000004), (-6.769941, 70, -60.000004), (-33.23006, 70, -60.000004), (6.769941, 70, -60.000004), (-6.769941, 70, -60.000004), (33.23006, 70, -60.000004), (6.769941, 70, -60.000004), (-33.23006, 70, -60.000004), (-33.23006, 80, -60.000004), (53.384964, 393.38498, -60.000004), (53.384964, 80, -60.000004), (60.000004, 400, -60.000004), (20, 400, -60.000004), (53.384964, 393.38498, -60.000004), (60.000004, 400, -60.000004), (-19.999998, 400, -60.000004), (20, 400, -60.000004), (13.38497, 80, -60.000004), (26.61503, 80, -60.000004), (13.38497, 393.38498, -60.000004), (26.61503, 393.38498, -60.000004), (13.38497, 393.38498, -60.000004), (26.61503, 80, -60.000004), (-26.61503, 80, -60.000004), (-13.38497, 80, -60.000004), (-26.61503, 393.38498, -60.000004), (-13.38497, 393.38498, -60.000004), (-26.61503, 393.38498, -60.000004), (-13.38497, 80, -60.000004), (33.23006, 80, -60.000004), (26.61503, 80, -60.000004), (33.23006, 70, -60.000004), (13.38497, 80, -60.000004), (33.23006, 70, -60.000004), (26.61503, 80, -60.000004), (-26.61503, 80, -60.000004), (-33.23006, 80, -60.000004), (-6.769941, 70, -60.000004), (-6.769941, 80, -60.000004), (-13.38497, 80, -60.000004), (-6.769941, 70, -60.000004), (-26.61503, 80, -60.000004), (-6.769941, 70, -60.000004), (-13.38497, 80, -60.000004), (-53.384964, 80, -60.000004), (-46.76994, 70, -60.000004), (-46.76994, 80, -60.000004), (33.23006, 70, 60.000004), (33.23006, 80, 60.000004), (33.23006, 80, 55), (-33.23006, 80, -60.000004), (-33.23006, 80, -55), (-33.23006, 70, -60.000004), (-33.23006, 70, 60.000004), (-46.76994, 70, 60.000004), (-33.23006, 80, 55), (-46.76994, 80, 55), (-33.23006, 80, 55), (-46.76994, 70, 60.000004), (46.76994, 80, 60.000004), (46.76994, 70, 60.000004), (46.76994, 80, 55), (-6.769941, 70, -60.000004), (-6.769941, 80, -55), (-6.769941, 80, -60.000004), (-33.23006, 80, 60.000004), (-33.23006, 70, 60.000004), (-33.23006, 80, 55), (-46.76994, 70, 60.000004), (-46.76994, 80, 60.000004), (-46.76994, 80, 55), (-46.76994, 70, -60.000004), (-33.23006, 70, -60.000004), (-46.76994, 80, -55), (-33.23006, 80, -55), (-46.76994, 80, -55), (-33.23006, 70, -60.000004), (6.769941, 80, 60.000004), (6.769941, 70, 60.000004), (6.769941, 80, 55), (46.76994, 80, -60.000004), (46.76994, 80, -55), (46.76994, 70, -60.000004), (60.000004, 40, 60.000004), (60.000004, 400, 60.000004), (60.000004, 40, 20), (60.000004, 400, 20), (60.000004, 40, 20), (60.000004, 400, 60.000004), (60.000004, 40, -60.000004), (60.000004, 40, 20), (60.000004, 400, 20), (60.000004, 400, -20), (60.000004, 40, -60.000004), (60.000004, 400, 20), (60.000004, 400, -60.000004), (60.000004, 400, -20), (-6.769941, 70, 60.000004), (-6.769941, 80, 60.000004), (-6.769941, 80, 55), (46.76994, 70, 60.000004), (33.23006, 70, 60.000004), (46.76994, 80, 55), (33.23006, 80, 55), (46.76994, 80, 55), (33.23006, 70, 60.000004), (33.23006, 70, -60.000004), (33.23006, 80, -55), (33.23006, 80, -60.000004), (6.769941, 70, 60.000004), (-6.769941, 70, 60.000004), (6.769941, 80, 55), (-6.769941, 80, 55), (6.769941, 80, 55), (-6.769941, 70, 60.000004), (33.23006, 70, -60.000004), (46.76994, 70, -60.000004), (33.23006, 80, -55), (46.76994, 80, -55), (33.23006, 80, -55), (46.76994, 70, -60.000004), (-60.000004, 40, 60.000004), (-60.000004, 40, 20), (-60.000004, 400, 60.000004), (-60.000004, 400, 20), (-60.000004, 400, 60.000004), (-60.000004, 40, 20), (-60.000004, 40, -60.000004), (-60.000004, 400, 20), (-60.000004, 40, 20), (-60.000004, 400, -20), (-60.000004, 400, 20), (-60.000004, 40, -60.000004), (-60.000004, 400, -60.000004), (-60.000004, 400, -20), (-60.000004, 40, -60.000004), (6.769941, 80, -60.000004), (6.769941, 80, -55), (6.769941, 70, -60.000004), (28, -1.8047785e-14, 58), (52, -1.8047785e-14, 58), (52, 26.999998, 58), (28, 26.999998, 58), (12, 0, 58), (-12, 0, 58), (12, 26.999998, 58), (-12, 26.999998, 58), (-7, 0, -58), (7, 0, -58), (-7, 26.999998, -58), (7, 26.999998, -58), (-60.000004, 40, 60.000004), (60.000004, 40, 60.000004), (60.000004, 40, 60.000004), (60.000004, 40, 20), (60.000004, 40, -60.000004), (-60.000004, 40, -60.000004), (60.000004, 40, -60.000004), (-60.000004, 40, 60.000004), (-60.000004, 40, 20), (-60.000004, 40, -60.000004), (-52, -1.8047785e-14, 58), (-28, -1.8047785e-14, 58), (-28, 26.999998, 58), (-52, 26.999998, 58), (-55, 400, 55), (-55, 400, 20), (-20, 400, 55), (-55, 400, -20), (-55, 400, -55), (-19.999998, 400, -55), (-19.999998, 400, -20), (20, 400, 55), (-9.999999, 400, -20), (-9.999999, 400, -40), (10.000001, 400, -20), (20, 400, -20), (55, 400, 55), (20, 400, -40), (-19.999998, 400, -40), (20, 400, -55), (10.000001, 400, -40), (55, 400, -55), (55, 400, 20), (55, 400, -20), (52, 26.999998, 60.000004), (52, -1.8047785e-14, 60.000004), (52, 26.999998, 58), (52, -1.8047785e-14, 58), (-60.000004, -1.8047785e-14, -60.000004), (-60.000004, -1.8047785e-14, 60.000004), (-7, 0, -60.000004), (-52, -1.8047785e-14, 58), (-28, -1.8047785e-14, 58), (-28, -1.8047785e-14, 60.000004), (-12, 0, 58), (-7, 0, -58), (12, 0, 58), (7, 0, -58), (60.000004, -1.8047785e-14, -60.000004), (7, 0, -60.000004), (12, 0, 60.000004), (28, -1.8047785e-14, 58), (52, -1.8047785e-14, 58), (52, -1.8047785e-14, 60.000004), (60.000004, -1.8047785e-14, 60.000004), (28, -1.8047785e-14, 60.000004), (-12, 0, 60.000004), (-52, -1.8047785e-14, 60.000004), (-33.23006, 386.76996, 60.000004), (-33.23006, 80, 60.000004), (-33.23006, 386.76996, 55), (-33.23006, 80, 55), (20, 400, -20), (20, 404, -20), (20, 400, -40), (20, 404, -40), (33.23006, 386.76996, -60.000004), (33.23006, 386.76996, -55), (46.76994, 386.76996, -60.000004), (46.76994, 386.76996, -55), (-62, 408, -60.000004), (-62, 403.00003, -60.000004), (-60.000004, 408, -62), (-60.000004, 403.00003, -62), (-7, 0, -58), (-7, 26.999998, -58), (-7, 0, -60.000004), (-7, 26.999998, -60.000004), (33.23006, 80, -55), (33.23006, 386.76996, -55), (33.23006, 80, -60.000004), (33.23006, 386.76996, -60.000004), (-60.000004, 5, 60.000004), (-60.000004, -1.8047785e-14, 60.000004), (-60.000004, 5, -60.000004), (-60.000004, -1.8047785e-14, -60.000004), (-60.000004, 400, 60.000004), (-60.000004, 400, 20), (-60.000004, 403.00003, 60.000004), (-60.000004, 403.00003, -60.000004), (-60.000004, 400, -20), (-60.000004, 400, -60.000004), (6.769941, 80, -55), (6.769941, 80, -60.000004), (6.769941, 386.76996, -55), (6.769941, 386.76996, -60.000004), (-28, 26.999998, 60.000004), (-28, -1.8047785e-14, 60.000004), (-28, 26.999998, 58), (-28, -1.8047785e-14, 58), (-7, 26.999998, -60.000004), (-7, 26.999998, -58), (7, 26.999998, -60.000004), (7, 26.999998, -58), (-62, 408, 60.000004), (-62, 403.00003, 60.000004), (-62, 408, -60.000004), (-62, 403.00003, -60.000004), (-9.999999, 400, -20), (-9.999999, 404, -20), (-9.999999, 400, -40), (-9.999999, 404, -40), (60.000004, 400, 60.000004), (20, 400, 60.000004), (60.000004, 403.00003, 60.000004), (-20, 400, 60.000004), (-60.000004, 400, 60.000004), (-60.000004, 403.00003, 60.000004), (-52, -1.8047785e-14, 60.000004), (-52, 26.999998, 60.000004), (-52, -1.8047785e-14, 58), (-52, 26.999998, 58), (-60.000004, 403.00003, -62), (60.000004, 403.00003, -62), (-60.000004, 408, -62), (60.000004, 408, -62), (-12, 26.999998, 58), (-12, 26.999998, 60.000004), (12, 26.999998, 58), (12, 26.999998, 60.000004), (-62, 403.00003, -60.000004), (-60.000004, 403.00003, 60.000004), (-60.000004, 403.00003, -62), (-60.000004, 403.00003, -60.000004), (60.000004, 403.00003, -62), (60.000004, 403.00003, -60.000004), (62, 403.00003, -60.000004), (62, 403.00003, 60.000004), (-60.000004, 403.00003, 62), (-62, 403.00003, 60.000004), (60.000004, 403.00003, 60.000004), (60.000004, 403.00003, 62), (10.000001, 400, -40), (20, 400, -40), (10.000001, 404, -40), (20, 404, -40), (-19.999998, 404, -20), (-19.999998, 404, -40), (-9.999999, 404, -20), (-9.999999, 404, -40), (28, -1.8047785e-14, 60.000004), (28, 26.999998, 60.000004), (28, -1.8047785e-14, 58), (28, 26.999998, 58), (7, 26.999998, -58), (7, 0, -58), (7, 26.999998, -60.000004), (7, 0, -60.000004), (-26.61503, 80, 60.000004), (-33.23006, 80, 60.000004), (-26.61503, 393.38498, 60.000004), (-33.23006, 386.76996, 60.000004), (-46.76994, 386.76996, 60.000004), (-53.384964, 393.38498, 60.000004), (-46.76994, 80, 60.000004), (-53.384964, 80, 60.000004), (53.384964, 80, 60.000004), (46.76994, 80, 60.000004), (53.384964, 393.38498, 60.000004), (46.76994, 386.76996, 60.000004), (33.23006, 386.76996, 60.000004), (26.61503, 393.38498, 60.000004), (33.23006, 80, 60.000004), (26.61503, 80, 60.000004), (-52, 26.999998, 58), (-52, 26.999998, 60.000004), (-28, 26.999998, 58), (-28, 26.999998, 60.000004), (60.000004, -1.8047785e-14, 60.000004), (60.000004, 5, 60.000004), (60.000004, -1.8047785e-14, -60.000004), (60.000004, 5, -60.000004), (-28, 26.999998, 60.000004), (-25, 5, 60.000004), (-28, -1.8047785e-14, 60.000004), (-12, 0, 60.000004), (-25, 30.000002, 60.000004), (-52, 26.999998, 60.000004), (-55, 30.000002, 60.000004), (-55, 5, 60.000004), (-52, -1.8047785e-14, 60.000004), (-60.000004, -1.8047785e-14, 60.000004), (-60.000004, 5, 60.000004), (-15.000001, 5, 60.000004), (-12, 26.999998, 60.000004), (-15.000001, 30.000002, 60.000004), (15.000001, 30.000002, 60.000004), (12, 26.999998, 60.000004), (15.000001, 5, 60.000004), (12, 0, 60.000004), (25, 5, 60.000004), (28, -1.8047785e-14, 60.000004), (28, 26.999998, 60.000004), (25, 30.000002, 60.000004), (55, 30.000002, 60.000004), (52, 26.999998, 60.000004), (55, 5, 60.000004), (52, -1.8047785e-14, 60.000004), (60.000004, 5, 60.000004), (60.000004, -1.8047785e-14, 60.000004), (-12, 0, 60.000004), (-12, 26.999998, 60.000004), (-12, 0, 58), (-12, 26.999998, 58), (-60.000004, -1.8047785e-14, -60.000004), (-7, 0, -60.000004), (-60.000004, 5, -60.000004), (-10, 5, -60.000004), (-7, 26.999998, -60.000004), (-10, 30.000002, -60.000004), (7, 26.999998, -60.000004), (10, 30.000002, -60.000004), (10, 5, -60.000004), (7, 0, -60.000004), (60.000004, 5, -60.000004), (60.000004, -1.8047785e-14, -60.000004), (12, 26.999998, 60.000004), (12, 0, 60.000004), (12, 26.999998, 58), (12, 0, 58), (28, 26.999998, 58), (28, 26.999998, 60.000004), (52, 26.999998, 58), (52, 26.999998, 60.000004), (-60.000004, 408, 62), (-60.000004, 403.00003, 62), (-62, 408, 60.000004), (-62, 403.00003, 60.000004), (55, 408, 55), (55, 400, 55), (55, 408, -55), (55, 400, 20), (55, 400, -20), (55, 400, -55), (62, 403.00003, 60.000004), (62, 408, 60.000004), (62, 403.00003, -60.000004), (62, 408, -60.000004), (20, 400, -20), (10.000001, 400, -20), (20, 404, -20), (10.000001, 404, -20), (-6.769941, 80, -55), (-6.7699404, 386.76996, -55), (-6.769941, 80, -60.000004), (-6.769941, 386.76996, -60.000004), (10.000001, 404, -20), (10.000001, 404, -40), (20, 404, -20), (20, 404, -40), (13.38497, 80, 60.000004), (6.769941, 80, 60.000004), (13.38497, 393.38498, 60.000004), (6.769941, 386.76996, 60.000004), (-6.769941, 386.76996, 60.000004), (-13.38497, 393.38498, 60.000004), (-6.769941, 80, 60.000004), (-13.38497, 80, 60.000004), (-53.384964, 80, -60.000004), (-46.76994, 80, -60.000004), (-53.384964, 393.38498, -60.000004), (-46.76994, 386.76996, -60.000004), (-33.23006, 386.76996, -60.000004), (-26.61503, 393.38498, -60.000004), (-33.23006, 80, -60.000004), (-26.61503, 80, -60.000004), (-33.23006, 80, -55), (-33.23006, 80, -60.000004), (-33.23006, 386.76996, -55), (-33.23006, 386.76996, -60.000004), (46.76994, 386.76996, 60.000004), (46.76994, 80, 60.000004), (46.76994, 386.76996, 55), (46.76994, 80, 55), (-6.769941, 386.76996, 55), (-6.769941, 386.76996, 60.000004), (6.769941, 386.76996, 55), (6.769941, 386.76996, 60.000004), (46.76994, 80, -55), (46.76994, 80, -60.000004), (46.76994, 386.76996, -55), (46.76994, 386.76996, -60.000004), (62, 403.00003, 60.000004), (60.000004, 403.00003, 62), (62, 408, 60.000004), (60.000004, 408, 62), (-55, 408, 55), (-55, 408, -55), (-55, 400, 55), (-55, 400, 20), (-55, 400, -20), (-55, 400, -55), (10.000001, 404, -20), (10.000001, 400, -20), (10.000001, 404, -40), (10.000001, 400, -40), (-55, 400, 55), (-20, 400, 55), (-55, 408, 55), (20, 400, 55), (55, 400, 55), (55, 408, 55), (33.23006, 386.76996, 55), (33.23006, 386.76996, 60.000004), (46.76994, 386.76996, 55), (46.76994, 386.76996, 60.000004), (-19.999998, 400, -60.000004), (20, 400, -60.000004), (-60.000004, 400, -60.000004), (60.000004, 400, -60.000004), (-60.000004, 403.00003, -60.000004), (60.000004, 403.00003, -60.000004), (33.23006, 80, 60.000004), (33.23006, 386.76996, 60.000004), (33.23006, 80, 55), (33.23006, 386.76996, 55), (62, 403.00003, -60.000004), (62, 408, -60.000004), (60.000004, 403.00003, -62), (60.000004, 408, -62), (-6.769941, 386.76996, -60.000004), (-6.7699404, 386.76996, -55), (6.769941, 386.76996, -60.000004), (6.769941, 386.76996, -55), (-62, 408, 60.000004), (-62, 408, -60.000004), (-60.000004, 408, 62), (-60.000004, 408, -62), (-55, 408, 55), (60.000004, 408, 62), (55, 408, 55), (55, 408, -55), (-55, 408, -55), (60.000004, 408, -62), (62, 408, 60.000004), (62, 408, -60.000004), (-13.38497, 80, -60.000004), (-6.769941, 80, -60.000004), (-13.38497, 393.38498, -60.000004), (-6.769941, 386.76996, -60.000004), (6.769941, 386.76996, -60.000004), (13.38497, 393.38498, -60.000004), (6.769941, 80, -60.000004), (13.38497, 80, -60.000004), (-46.76994, 386.76996, -60.000004), (-46.76994, 386.76996, -55), (-33.23006, 386.76996, -60.000004), (-33.23006, 386.76996, -55), (-19.999998, 400, -40), (-9.999999, 400, -40), (-19.999998, 404, -40), (-9.999999, 404, -40), (20, 400, -55), (-19.999998, 400, -55), (55, 400, -55), (-55, 400, -55), (55, 408, -55), (-55, 408, -55), (26.61503, 80, -60.000004), (33.23006, 80, -60.000004), (26.61503, 393.38498, -60.000004), (33.23006, 386.76996, -60.000004), (46.76994, 386.76996, -60.000004), (53.384964, 393.38498, -60.000004), (46.76994, 80, -60.000004), (53.384964, 80, -60.000004), (-46.76994, 80, 60.000004), (-46.76994, 386.76996, 60.000004), (-46.76994, 80, 55), (-46.76994, 386.76996, 55), (-6.769941, 80, 60.000004), (-6.769941, 386.76996, 60.000004), (-6.769941, 80, 55), (-6.769941, 386.76996, 55), (-19.999998, 404, -20), (-19.999998, 400, -20), (-19.999998, 404, -40), (-19.999998, 400, -40), (-46.76994, 80, -55), (-46.76994, 386.76996, -55), (-46.76994, 80, -60.000004), (-46.76994, 386.76996, -60.000004), (-46.76994, 386.76996, 55), (-46.76994, 386.76996, 60.000004), (-33.23006, 386.76996, 55), (-33.23006, 386.76996, 60.000004), (-9.999999, 400, -20), (-19.999998, 400, -20), (-9.999999, 404, -20), (-19.999998, 404, -20), (60.000004, 403.00003, 62), (-60.000004, 403.00003, 62), (60.000004, 408, 62), (-60.000004, 408, 62), (60.000004, 400, 60.000004), (60.000004, 403.00003, 60.000004), (60.000004, 400, 20), (60.000004, 403.00003, -60.000004), (60.000004, 400, -20), (60.000004, 400, -60.000004), (6.769941, 386.76996, 60.000004), (6.769941, 80, 60.000004), (6.769941, 386.76996, 55), (6.769941, 80, 55), (5, 2, 58), (-5, 2, 58), (5, 25, 58), (-5, 25, 58), (-30.000002, 5, 58), (-50, 5, 58), (-30.000002, 25, 58), (-50, 25, 58), (-7, 5, 58), (-10, 5, 58), (-7, 25, 58), (-10, 25, 58), (10, 5, 58), (7, 5, 58), (10, 25, 58), (7, 25, 58), (50, 5, 58), (30.000002, 5, 58), (50, 25, 58), (30.000002, 25, 58), (33.23006, 80, -55), (46.76994, 80, -55), (33.23006, 386.76996, -55), (46.76994, 386.76996, -55), (6.769941, 80, 55), (-6.769941, 80, 55), (6.769941, 386.76996, 55), (-6.769941, 386.76996, 55), (-33.23006, 80, 55), (-46.76994, 80, 55), (-33.23006, 386.76996, 55), (-46.76994, 386.76996, 55), (46.76994, 80, 55), (33.23006, 80, 55), (46.76994, 386.76996, 55), (33.23006, 386.76996, 55), (-6.769941, 80, -55), (6.769941, 80, -55), (-6.7699404, 386.76996, -55), (6.769941, 386.76996, -55), (-46.76994, 80, -55), (-33.23006, 80, -55), (-46.76994, 386.76996, -55), (-33.23006, 386.76996, -55), (-6.769941, 70, -60.000004), (6.769941, 70, -60.000004), (-6.769941, 80, -55), (6.769941, 80, -55), (-6.769941, 80, -55), (6.769941, 70, -60.000004), (33.23006, 70, 60.000004), (6.769941, 70, 60.000004), (33.23006, 80, 60.000004), (26.61503, 80, 60.000004), (33.23006, 80, 60.000004), (6.769941, 70, 60.000004), (6.769941, 80, 60.000004), (13.38497, 80, 60.000004), (6.769941, 70, 60.000004), (26.61503, 80, 60.000004), (6.769941, 70, 60.000004), (13.38497, 80, 60.000004), (53.384964, 80, 60.000004), (46.76994, 70, 60.000004), (46.76994, 80, 60.000004), (-6.769941, 70, 60.000004), (-33.23006, 70, 60.000004), (-6.769941, 80, 60.000004), (-13.38497, 80, 60.000004), (-6.769941, 80, 60.000004), (-33.23006, 70, 60.000004), (-46.76994, 70, 60.000004), (-53.384964, 80, 60.000004), (-46.76994, 80, 60.000004), (-60.000004, 40, 60.000004), (46.76994, 70, 60.000004), (60.000004, 40, 60.000004), (53.384964, 80, 60.000004), (60.000004, 40, 60.000004), (46.76994, 70, 60.000004), (60.000004, 400, 60.000004), (60.000004, 40, 60.000004), (53.384964, 80, 60.000004), (53.384964, 393.38498, 60.000004), (60.000004, 400, 60.000004), (20, 400, 60.000004), (-60.000004, 400, 60.000004), (-20, 400, 60.000004), (20, 400, 60.000004), (26.61503, 393.38498, 60.000004), (60.000004, 400, 60.000004), (53.384964, 393.38498, 60.000004), (13.38497, 393.38498, 60.000004), (26.61503, 393.38498, 60.000004), (-13.38497, 393.38498, 60.000004), (13.38497, 393.38498, 60.000004), (-26.61503, 393.38498, 60.000004), (-13.38497, 393.38498, 60.000004), (-53.384964, 393.38498, 60.000004), (-26.61503, 393.38498, 60.000004), (-60.000004, 400, 60.000004), (-53.384964, 80, 60.000004), (-60.000004, 40, 60.000004), (-46.76994, 70, 60.000004), (-60.000004, 40, 60.000004), (-53.384964, 80, 60.000004), (46.76994, 70, 60.000004), (-60.000004, 40, 60.000004), (-46.76994, 70, 60.000004), (33.23006, 70, 60.000004), (46.76994, 70, 60.000004), (-46.76994, 70, 60.000004), (6.769941, 70, 60.000004), (33.23006, 70, 60.000004), (-6.769941, 70, 60.000004), (6.769941, 70, 60.000004), (-33.23006, 70, 60.000004), (-6.769941, 70, 60.000004), (-53.384964, 393.38498, 60.000004), (-53.384964, 80, 60.000004), (-60.000004, 400, 60.000004), (60.000004, 400, 60.000004), (-53.384964, 393.38498, 60.000004), (-60.000004, 400, 60.000004), (-13.38497, 80, 60.000004), (-26.61503, 80, 60.000004), (-13.38497, 393.38498, 60.000004), (-26.61503, 393.38498, 60.000004), (-13.38497, 393.38498, 60.000004), (-26.61503, 80, 60.000004), (26.61503, 80, 60.000004), (13.38497, 80, 60.000004), (26.61503, 393.38498, 60.000004), (13.38497, 393.38498, 60.000004), (26.61503, 393.38498, 60.000004), (13.38497, 80, 60.000004), (-33.23006, 80, 60.000004), (-26.61503, 80, 60.000004), (-33.23006, 70, 60.000004), (-13.38497, 80, 60.000004), (-33.23006, 70, 60.000004), (-26.61503, 80, 60.000004), (-46.76994, 70, -60.000004), (-46.76994, 80, -55), (-46.76994, 80, -60.000004), (6.769941, 70, -60.000004), (33.23006, 70, -60.000004), (6.769941, 80, -60.000004), (13.38497, 80, -60.000004), (6.769941, 80, -60.000004), (33.23006, 70, -60.000004), (46.76994, 70, -60.000004), (53.384964, 80, -60.000004), (46.76994, 80, -60.000004), (60.000004, 40, -60.000004), (-46.76994, 70, -60.000004), (-60.000004, 40, -60.000004), (-53.384964, 80, -60.000004), (-60.000004, 40, -60.000004), (-46.76994, 70, -60.000004), (-60.000004, 400, -60.000004), (-60.000004, 40, -60.000004), (-53.384964, 80, -60.000004), (-53.384964, 393.38498, -60.000004), (-60.000004, 400, -60.000004), (-26.61503, 393.38498, -60.000004), (-60.000004, 400, -60.000004), (-53.384964, 393.38498, -60.000004), (-13.38497, 393.38498, -60.000004), (-26.61503, 393.38498, -60.000004), (13.38497, 393.38498, -60.000004), (-13.38497, 393.38498, -60.000004), (26.61503, 393.38498, -60.000004), (13.38497, 393.38498, -60.000004), (53.384964, 393.38498, -60.000004), (26.61503, 393.38498, -60.000004), (-19.999998, 400, -60.000004), (-60.000004, 400, -60.000004), (53.384964, 393.38498, -60.000004), (60.000004, 400, -60.000004), (53.384964, 80, -60.000004), (60.000004, 40, -60.000004), (46.76994, 70, -60.000004), (60.000004, 40, -60.000004), (53.384964, 80, -60.000004), (-46.76994, 70, -60.000004), (60.000004, 40, -60.000004), (46.76994, 70, -60.000004), (-33.23006, 70, -60.000004), (-46.76994, 70, -60.000004), (46.76994, 70, -60.000004), (-6.769941, 70, -60.000004), (-33.23006, 70, -60.000004), (6.769941, 70, -60.000004), (-6.769941, 70, -60.000004), (33.23006, 70, -60.000004), (6.769941, 70, -60.000004), (-33.23006, 70, -60.000004), (-33.23006, 80, -60.000004), (53.384964, 393.38498, -60.000004), (53.384964, 80, -60.000004), (60.000004, 400, -60.000004), (20, 400, -60.000004), (53.384964, 393.38498, -60.000004), (60.000004, 400, -60.000004), (-19.999998, 400, -60.000004), (20, 400, -60.000004), (13.38497, 80, -60.000004), (26.61503, 80, -60.000004), (13.38497, 393.38498, -60.000004), (26.61503, 393.38498, -60.000004), (13.38497, 393.38498, -60.000004), (26.61503, 80, -60.000004), (-26.61503, 80, -60.000004), (-13.38497, 80, -60.000004), (-26.61503, 393.38498, -60.000004), (-13.38497, 393.38498, -60.000004), (-26.61503, 393.38498, -60.000004), (-13.38497, 80, -60.000004), (33.23006, 80, -60.000004), (26.61503, 80, -60.000004), (33.23006, 70, -60.000004), (13.38497, 80, -60.000004), (33.23006, 70, -60.000004), (26.61503, 80, -60.000004), (-26.61503, 80, -60.000004), (-33.23006, 80, -60.000004), (-6.769941, 70, -60.000004), (-6.769941, 80, -60.000004), (-13.38497, 80, -60.000004), (-6.769941, 70, -60.000004), (-26.61503, 80, -60.000004), (-6.769941, 70, -60.000004), (-13.38497, 80, -60.000004), (-53.384964, 80, -60.000004), (-46.76994, 70, -60.000004), (-46.76994, 80, -60.000004), (33.23006, 70, 60.000004), (33.23006, 80, 60.000004), (33.23006, 80, 55), (-33.23006, 80, -60.000004), (-33.23006, 80, -55), (-33.23006, 70, -60.000004), (-33.23006, 70, 60.000004), (-46.76994, 70, 60.000004), (-33.23006, 80, 55), (-46.76994, 80, 55), (-33.23006, 80, 55), (-46.76994, 70, 60.000004), (46.76994, 80, 60.000004), (46.76994, 70, 60.000004), (46.76994, 80, 55), (-6.769941, 70, -60.000004), (-6.769941, 80, -55), (-6.769941, 80, -60.000004), (-33.23006, 80, 60.000004), (-33.23006, 70, 60.000004), (-33.23006, 80, 55), (-46.76994, 70, 60.000004), (-46.76994, 80, 60.000004), (-46.76994, 80, 55), (-46.76994, 70, -60.000004), (-33.23006, 70, -60.000004), (-46.76994, 80, -55), (-33.23006, 80, -55), (-46.76994, 80, -55), (-33.23006, 70, -60.000004), (6.769941, 80, 60.000004), (6.769941, 70, 60.000004), (6.769941, 80, 55), (46.76994, 80, -60.000004), (46.76994, 80, -55), (46.76994, 70, -60.000004), (60.000004, 40, 60.000004), (60.000004, 400, 60.000004), (60.000004, 40, 20), (60.000004, 400, 20), (60.000004, 40, 20), (60.000004, 400, 60.000004), (60.000004, 40, -60.000004), (60.000004, 40, 20), (60.000004, 400, 20), (60.000004, 400, -20), (60.000004, 40, -60.000004), (60.000004, 400, 20), (60.000004, 400, -60.000004), (60.000004, 400, -20), (-6.769941, 70, 60.000004), (-6.769941, 80, 60.000004), (-6.769941, 80, 55), (46.76994, 70, 60.000004), (33.23006, 70, 60.000004), (46.76994, 80, 55), (33.23006, 80, 55), (46.76994, 80, 55), (33.23006, 70, 60.000004), (33.23006, 70, -60.000004), (33.23006, 80, -55), (33.23006, 80, -60.000004), (6.769941, 70, 60.000004), (-6.769941, 70, 60.000004), (6.769941, 80, 55), (-6.769941, 80, 55), (6.769941, 80, 55), (-6.769941, 70, 60.000004), (33.23006, 70, -60.000004), (46.76994, 70, -60.000004), (33.23006, 80, -55), (46.76994, 80, -55), (33.23006, 80, -55), (46.76994, 70, -60.000004), (-60.000004, 40, 60.000004), (-60.000004, 40, 20), (-60.000004, 400, 60.000004), (-60.000004, 400, 20), (-60.000004, 400, 60.000004), (-60.000004, 40, 20), (-60.000004, 40, -60.000004), (-60.000004, 400, 20), (-60.000004, 40, 20), (-60.000004, 400, -20), (-60.000004, 400, 20), (-60.000004, 40, -60.000004), (-60.000004, 400, -60.000004), (-60.000004, 400, -20), (-60.000004, 40, -60.000004), (6.769941, 80, -60.000004), (6.769941, 80, -55), (6.769941, 70, -60.000004), (28, -1.8047785e-14, 58), (52, -1.8047785e-14, 58), (52, 26.999998, 58), (28, 26.999998, 58), (12, 0, 58), (-12, 0, 58), (12, 26.999998, 58), (-12, 26.999998, 58), (-7, 0, -58), (7, 0, -58), (-7, 26.999998, -58), (7, 26.999998, -58), (-60.000004, 40, 60.000004), (60.000004, 40, 60.000004), (60.000004, 40, 60.000004), (60.000004, 40, 20), (60.000004, 40, -60.000004), (-60.000004, 40, -60.000004), (60.000004, 40, -60.000004), (-60.000004, 40, 60.000004), (-60.000004, 40, 20), (-60.000004, 40, -60.000004), (-52, -1.8047785e-14, 58), (-28, -1.8047785e-14, 58), (-28, 26.999998, 58), (-52, 26.999998, 58), (-55, 400, 55), (-55, 400, 20), (-20, 400, 55), (-55, 400, -20), (-55, 400, -55), (-19.999998, 400, -55), (-19.999998, 400, -20), (20, 400, 55), (-9.999999, 400, -20), (-9.999999, 400, -40), (10.000001, 400, -20), (20, 400, -20), (55, 400, 55), (20, 400, -40), (-19.999998, 400, -40), (20, 400, -55), (10.000001, 400, -40), (55, 400, -55), (55, 400, 20), (55, 400, -20), (52, 26.999998, 60.000004), (52, -1.8047785e-14, 60.000004), (52, 26.999998, 58), (52, -1.8047785e-14, 58), (-60.000004, -1.8047785e-14, -60.000004), (-60.000004, -1.8047785e-14, 60.000004), (-7, 0, -60.000004), (-52, -1.8047785e-14, 58), (-28, -1.8047785e-14, 58), (-28, -1.8047785e-14, 60.000004), (-12, 0, 58), (-7, 0, -58), (12, 0, 58), (7, 0, -58), (60.000004, -1.8047785e-14, -60.000004), (7, 0, -60.000004), (12, 0, 60.000004), (28, -1.8047785e-14, 58), (52, -1.8047785e-14, 58), (52, -1.8047785e-14, 60.000004), (60.000004, -1.8047785e-14, 60.000004), (28, -1.8047785e-14, 60.000004), (-12, 0, 60.000004), (-52, -1.8047785e-14, 60.000004), (-33.23006, 386.76996, 60.000004), (-33.23006, 80, 60.000004), (-33.23006, 386.76996, 55), (-33.23006, 80, 55), (20, 400, -20), (20, 404, -20), (20, 400, -40), (20, 404, -40), (33.23006, 386.76996, -60.000004), (33.23006, 386.76996, -55), (46.76994, 386.76996, -60.000004), (46.76994, 386.76996, -55), (-62, 408, -60.000004), (-62, 403.00003, -60.000004), (-60.000004, 408, -62), (-60.000004, 403.00003, -62), (-7, 0, -58), (-7, 26.999998, -58), (-7, 0, -60.000004), (-7, 26.999998, -60.000004), (33.23006, 80, -55), (33.23006, 386.76996, -55), (33.23006, 80, -60.000004), (33.23006, 386.76996, -60.000004), (-60.000004, 5, 60.000004), (-60.000004, -1.8047785e-14, 60.000004), (-60.000004, 5, -60.000004), (-60.000004, -1.8047785e-14, -60.000004), (-60.000004, 400, 60.000004), (-60.000004, 400, 20), (-60.000004, 403.00003, 60.000004), (-60.000004, 403.00003, -60.000004), (-60.000004, 400, -20), (-60.000004, 400, -60.000004), (6.769941, 80, -55), (6.769941, 80, -60.000004), (6.769941, 386.76996, -55), (6.769941, 386.76996, -60.000004), (-28, 26.999998, 60.000004), (-28, -1.8047785e-14, 60.000004), (-28, 26.999998, 58), (-28, -1.8047785e-14, 58), (-7, 26.999998, -60.000004), (-7, 26.999998, -58), (7, 26.999998, -60.000004), (7, 26.999998, -58), (-62, 408, 60.000004), (-62, 403.00003, 60.000004), (-62, 408, -60.000004), (-62, 403.00003, -60.000004), (-9.999999, 400, -20), (-9.999999, 404, -20), (-9.999999, 400, -40), (-9.999999, 404, -40), (60.000004, 400, 60.000004), (20, 400, 60.000004), (60.000004, 403.00003, 60.000004), (-20, 400, 60.000004), (-60.000004, 400, 60.000004), (-60.000004, 403.00003, 60.000004), (-52, -1.8047785e-14, 60.000004), (-52, 26.999998, 60.000004), (-52, -1.8047785e-14, 58), (-52, 26.999998, 58), (-60.000004, 403.00003, -62), (60.000004, 403.00003, -62), (-60.000004, 408, -62), (60.000004, 408, -62), (-12, 26.999998, 58), (-12, 26.999998, 60.000004), (12, 26.999998, 58), (12, 26.999998, 60.000004), (-62, 403.00003, -60.000004), (-60.000004, 403.00003, 60.000004), (-60.000004, 403.00003, -62), (-60.000004, 403.00003, -60.000004), (60.000004, 403.00003, -62), (60.000004, 403.00003, -60.000004), (62, 403.00003, -60.000004), (62, 403.00003, 60.000004), (-60.000004, 403.00003, 62), (-62, 403.00003, 60.000004), (60.000004, 403.00003, 60.000004), (60.000004, 403.00003, 62), (10.000001, 400, -40), (20, 400, -40), (10.000001, 404, -40), (20, 404, -40), (-19.999998, 404, -20), (-19.999998, 404, -40), (-9.999999, 404, -20), (-9.999999, 404, -40), (28, -1.8047785e-14, 60.000004), (28, 26.999998, 60.000004), (28, -1.8047785e-14, 58), (28, 26.999998, 58), (7, 26.999998, -58), (7, 0, -58), (7, 26.999998, -60.000004), (7, 0, -60.000004), (-26.61503, 80, 60.000004), (-33.23006, 80, 60.000004), (-26.61503, 393.38498, 60.000004), (-33.23006, 386.76996, 60.000004), (-46.76994, 386.76996, 60.000004), (-53.384964, 393.38498, 60.000004), (-46.76994, 80, 60.000004), (-53.384964, 80, 60.000004), (53.384964, 80, 60.000004), (46.76994, 80, 60.000004), (53.384964, 393.38498, 60.000004), (46.76994, 386.76996, 60.000004), (33.23006, 386.76996, 60.000004), (26.61503, 393.38498, 60.000004), (33.23006, 80, 60.000004), (26.61503, 80, 60.000004), (-52, 26.999998, 58), (-52, 26.999998, 60.000004), (-28, 26.999998, 58), (-28, 26.999998, 60.000004), (60.000004, -1.8047785e-14, 60.000004), (60.000004, 5, 60.000004), (60.000004, -1.8047785e-14, -60.000004), (60.000004, 5, -60.000004), (-28, 26.999998, 60.000004), (-25, 5, 60.000004), (-28, -1.8047785e-14, 60.000004), (-12, 0, 60.000004), (-25, 30.000002, 60.000004), (-52, 26.999998, 60.000004), (-55, 30.000002, 60.000004), (-55, 5, 60.000004), (-52, -1.8047785e-14, 60.000004), (-60.000004, -1.8047785e-14, 60.000004), (-60.000004, 5, 60.000004), (-15.000001, 5, 60.000004), (-12, 26.999998, 60.000004), (-15.000001, 30.000002, 60.000004), (15.000001, 30.000002, 60.000004), (12, 26.999998, 60.000004), (15.000001, 5, 60.000004), (12, 0, 60.000004), (25, 5, 60.000004), (28, -1.8047785e-14, 60.000004), (28, 26.999998, 60.000004), (25, 30.000002, 60.000004), (55, 30.000002, 60.000004), (52, 26.999998, 60.000004), (55, 5, 60.000004), (52, -1.8047785e-14, 60.000004), (60.000004, 5, 60.000004), (60.000004, -1.8047785e-14, 60.000004), (-12, 0, 60.000004), (-12, 26.999998, 60.000004), (-12, 0, 58), (-12, 26.999998, 58), (-60.000004, -1.8047785e-14, -60.000004), (-7, 0, -60.000004), (-60.000004, 5, -60.000004), (-10, 5, -60.000004), (-7, 26.999998, -60.000004), (-10, 30.000002, -60.000004), (7, 26.999998, -60.000004), (10, 30.000002, -60.000004), (10, 5, -60.000004), (7, 0, -60.000004), (60.000004, 5, -60.000004), (60.000004, -1.8047785e-14, -60.000004), (12, 26.999998, 60.000004), (12, 0, 60.000004), (12, 26.999998, 58), (12, 0, 58), (28, 26.999998, 58), (28, 26.999998, 60.000004), (52, 26.999998, 58), (52, 26.999998, 60.000004), (-60.000004, 408, 62), (-60.000004, 403.00003, 62), (-62, 408, 60.000004), (-62, 403.00003, 60.000004), (55, 408, 55), (55, 400, 55), (55, 408, -55), (55, 400, 20), (55, 400, -20), (55, 400, -55), (62, 403.00003, 60.000004), (62, 408, 60.000004), (62, 403.00003, -60.000004), (62, 408, -60.000004), (20, 400, -20), (10.000001, 400, -20), (20, 404, -20), (10.000001, 404, -20), (-6.769941, 80, -55), (-6.7699404, 386.76996, -55), (-6.769941, 80, -60.000004), (-6.769941, 386.76996, -60.000004), (10.000001, 404, -20), (10.000001, 404, -40), (20, 404, -20), (20, 404, -40), (13.38497, 80, 60.000004), (6.769941, 80, 60.000004), (13.38497, 393.38498, 60.000004), (6.769941, 386.76996, 60.000004), (-6.769941, 386.76996, 60.000004), (-13.38497, 393.38498, 60.000004), (-6.769941, 80, 60.000004), (-13.38497, 80, 60.000004), (-53.384964, 80, -60.000004), (-46.76994, 80, -60.000004), (-53.384964, 393.38498, -60.000004), (-46.76994, 386.76996, -60.000004), (-33.23006, 386.76996, -60.000004), (-26.61503, 393.38498, -60.000004), (-33.23006, 80, -60.000004), (-26.61503, 80, -60.000004), (-33.23006, 80, -55), (-33.23006, 80, -60.000004), (-33.23006, 386.76996, -55), (-33.23006, 386.76996, -60.000004), (46.76994, 386.76996, 60.000004), (46.76994, 80, 60.000004), (46.76994, 386.76996, 55), (46.76994, 80, 55), (-6.769941, 386.76996, 55), (-6.769941, 386.76996, 60.000004), (6.769941, 386.76996, 55), (6.769941, 386.76996, 60.000004), (46.76994, 80, -55), (46.76994, 80, -60.000004), (46.76994, 386.76996, -55), (46.76994, 386.76996, -60.000004), (62, 403.00003, 60.000004), (60.000004, 403.00003, 62), (62, 408, 60.000004), (60.000004, 408, 62), (-55, 408, 55), (-55, 408, -55), (-55, 400, 55), (-55, 400, 20), (-55, 400, -20), (-55, 400, -55), (10.000001, 404, -20), (10.000001, 400, -20), (10.000001, 404, -40), (10.000001, 400, -40), (-55, 400, 55), (-20, 400, 55), (-55, 408, 55), (20, 400, 55), (55, 400, 55), (55, 408, 55), (33.23006, 386.76996, 55), (33.23006, 386.76996, 60.000004), (46.76994, 386.76996, 55), (46.76994, 386.76996, 60.000004), (-19.999998, 400, -60.000004), (20, 400, -60.000004), (-60.000004, 400, -60.000004), (60.000004, 400, -60.000004), (-60.000004, 403.00003, -60.000004), (60.000004, 403.00003, -60.000004), (33.23006, 80, 60.000004), (33.23006, 386.76996, 60.000004), (33.23006, 80, 55), (33.23006, 386.76996, 55), (62, 403.00003, -60.000004), (62, 408, -60.000004), (60.000004, 403.00003, -62), (60.000004, 408, -62), (-6.769941, 386.76996, -60.000004), (-6.7699404, 386.76996, -55), (6.769941, 386.76996, -60.000004), (6.769941, 386.76996, -55), (-62, 408, 60.000004), (-62, 408, -60.000004), (-60.000004, 408, 62), (-60.000004, 408, -62), (-55, 408, 55), (60.000004, 408, 62), (55, 408, 55), (55, 408, -55), (-55, 408, -55), (60.000004, 408, -62), (62, 408, 60.000004), (62, 408, -60.000004), (-13.38497, 80, -60.000004), (-6.769941, 80, -60.000004), (-13.38497, 393.38498, -60.000004), (-6.769941, 386.76996, -60.000004), (6.769941, 386.76996, -60.000004), (13.38497, 393.38498, -60.000004), (6.769941, 80, -60.000004), (13.38497, 80, -60.000004), (-46.76994, 386.76996, -60.000004), (-46.76994, 386.76996, -55), (-33.23006, 386.76996, -60.000004), (-33.23006, 386.76996, -55), (-19.999998, 400, -40), (-9.999999, 400, -40), (-19.999998, 404, -40), (-9.999999, 404, -40), (20, 400, -55), (-19.999998, 400, -55), (55, 400, -55), (-55, 400, -55), (55, 408, -55), (-55, 408, -55), (26.61503, 80, -60.000004), (33.23006, 80, -60.000004), (26.61503, 393.38498, -60.000004), (33.23006, 386.76996, -60.000004), (46.76994, 386.76996, -60.000004), (53.384964, 393.38498, -60.000004), (46.76994, 80, -60.000004), (53.384964, 80, -60.000004), (-46.76994, 80, 60.000004), (-46.76994, 386.76996, 60.000004), (-46.76994, 80, 55), (-46.76994, 386.76996, 55), (-6.769941, 80, 60.000004), (-6.769941, 386.76996, 60.000004), (-6.769941, 80, 55), (-6.769941, 386.76996, 55), (-19.999998, 404, -20), (-19.999998, 400, -20), (-19.999998, 404, -40), (-19.999998, 400, -40), (-46.76994, 80, -55), (-46.76994, 386.76996, -55), (-46.76994, 80, -60.000004), (-46.76994, 386.76996, -60.000004), (-46.76994, 386.76996, 55), (-46.76994, 386.76996, 60.000004), (-33.23006, 386.76996, 55), (-33.23006, 386.76996, 60.000004), (-9.999999, 400, -20), (-19.999998, 400, -20), (-9.999999, 404, -20), (-19.999998, 404, -20), (60.000004, 403.00003, 62), (-60.000004, 403.00003, 62), (60.000004, 408, 62), (-60.000004, 408, 62), (60.000004, 400, 60.000004), (60.000004, 403.00003, 60.000004), (60.000004, 400, 20), (60.000004, 403.00003, -60.000004), (60.000004, 400, -20), (60.000004, 400, -60.000004), (6.769941, 386.76996, 60.000004), (6.769941, 80, 60.000004), (6.769941, 386.76996, 55), (6.769941, 80, 55), (5, 2, 58), (-5, 2, 58), (5, 25, 58), (-5, 25, 58), (-30.000002, 5, 58), (-50, 5, 58), (-30.000002, 25, 58), (-50, 25, 58), (-7, 5, 58), (-10, 5, 58), (-7, 25, 58), (-10, 25, 58), (10, 5, 58), (7, 5, 58), (10, 25, 58), (7, 25, 58), (50, 5, 58), (30.000002, 5, 58), (50, 25, 58), (30.000002, 25, 58), (33.23006, 80, -55), (46.76994, 80, -55), (33.23006, 386.76996, -55), (46.76994, 386.76996, -55), (6.769941, 80, 55), (-6.769941, 80, 55), (6.769941, 386.76996, 55), (-6.769941, 386.76996, 55), (-33.23006, 80, 55), (-46.76994, 80, 55), (-33.23006, 386.76996, 55), (-46.76994, 386.76996, 55), (46.76994, 80, 55), (33.23006, 80, 55), (46.76994, 386.76996, 55), (33.23006, 386.76996, 55), (-6.769941, 80, -55), (6.769941, 80, -55), (-6.7699404, 386.76996, -55), (6.769941, 386.76996, -55), (-46.76994, 80, -55), (-33.23006, 80, -55), (-46.76994, 386.76996, -55), (-33.23006, 386.76996, -55), (-6.769941, 70, -60.000004), (6.769941, 70, -60.000004), (-6.769941, 80, -55), (6.769941, 80, -55), (-6.769941, 80, -55), (6.769941, 70, -60.000004), (33.23006, 70, 60.000004), (6.769941, 70, 60.000004), (33.23006, 80, 60.000004), (26.61503, 80, 60.000004), (33.23006, 80, 60.000004), (6.769941, 70, 60.000004), (6.769941, 80, 60.000004), (13.38497, 80, 60.000004), (6.769941, 70, 60.000004), (26.61503, 80, 60.000004), (6.769941, 70, 60.000004), (13.38497, 80, 60.000004), (53.384964, 80, 60.000004), (46.76994, 70, 60.000004), (46.76994, 80, 60.000004), (-6.769941, 70, 60.000004), (-33.23006, 70, 60.000004), (-6.769941, 80, 60.000004), (-13.38497, 80, 60.000004), (-6.769941, 80, 60.000004), (-33.23006, 70, 60.000004), (-46.76994, 70, 60.000004), (-53.384964, 80, 60.000004), (-46.76994, 80, 60.000004), (-60.000004, 40, 60.000004), (46.76994, 70, 60.000004), (60.000004, 40, 60.000004), (53.384964, 80, 60.000004), (60.000004, 40, 60.000004), (46.76994, 70, 60.000004), (60.000004, 400, 60.000004), (60.000004, 40, 60.000004), (53.384964, 80, 60.000004), (53.384964, 393.38498, 60.000004), (60.000004, 400, 60.000004), (20, 400, 60.000004), (-60.000004, 400, 60.000004), (-20, 400, 60.000004), (20, 400, 60.000004), (26.61503, 393.38498, 60.000004), (60.000004, 400, 60.000004), (53.384964, 393.38498, 60.000004), (13.38497, 393.38498, 60.000004), (26.61503, 393.38498, 60.000004), (-13.38497, 393.38498, 60.000004), (13.38497, 393.38498, 60.000004), (-26.61503, 393.38498, 60.000004), (-13.38497, 393.38498, 60.000004), (-53.384964, 393.38498, 60.000004), (-26.61503, 393.38498, 60.000004), (-60.000004, 400, 60.000004), (-53.384964, 80, 60.000004), (-60.000004, 40, 60.000004), (-46.76994, 70, 60.000004), (-60.000004, 40, 60.000004), (-53.384964, 80, 60.000004), (46.76994, 70, 60.000004), (-60.000004, 40, 60.000004), (-46.76994, 70, 60.000004), (33.23006, 70, 60.000004), (46.76994, 70, 60.000004), (-46.76994, 70, 60.000004), (6.769941, 70, 60.000004), (33.23006, 70, 60.000004), (-6.769941, 70, 60.000004), (6.769941, 70, 60.000004), (-33.23006, 70, 60.000004), (-6.769941, 70, 60.000004), (-53.384964, 393.38498, 60.000004), (-53.384964, 80, 60.000004), (-60.000004, 400, 60.000004), (60.000004, 400, 60.000004), (-53.384964, 393.38498, 60.000004), (-60.000004, 400, 60.000004), (-13.38497, 80, 60.000004), (-26.61503, 80, 60.000004), (-13.38497, 393.38498, 60.000004), (-26.61503, 393.38498, 60.000004), (-13.38497, 393.38498, 60.000004), (-26.61503, 80, 60.000004), (26.61503, 80, 60.000004), (13.38497, 80, 60.000004), (26.61503, 393.38498, 60.000004), (13.38497, 393.38498, 60.000004), (26.61503, 393.38498, 60.000004), (13.38497, 80, 60.000004), (-33.23006, 80, 60.000004), (-26.61503, 80, 60.000004), (-33.23006, 70, 60.000004), (-13.38497, 80, 60.000004), (-33.23006, 70, 60.000004), (-26.61503, 80, 60.000004), (-46.76994, 70, -60.000004), (-46.76994, 80, -55), (-46.76994, 80, -60.000004), (6.769941, 70, -60.000004), (33.23006, 70, -60.000004), (6.769941, 80, -60.000004), (13.38497, 80, -60.000004), (6.769941, 80, -60.000004), (33.23006, 70, -60.000004), (46.76994, 70, -60.000004), (53.384964, 80, -60.000004), (46.76994, 80, -60.000004), (60.000004, 40, -60.000004), (-46.76994, 70, -60.000004), (-60.000004, 40, -60.000004), (-53.384964, 80, -60.000004), (-60.000004, 40, -60.000004), (-46.76994, 70, -60.000004), (-60.000004, 400, -60.000004), (-60.000004, 40, -60.000004), (-53.384964, 80, -60.000004), (-53.384964, 393.38498, -60.000004), (-60.000004, 400, -60.000004), (-26.61503, 393.38498, -60.000004), (-60.000004, 400, -60.000004), (-53.384964, 393.38498, -60.000004), (-13.38497, 393.38498, -60.000004), (-26.61503, 393.38498, -60.000004), (13.38497, 393.38498, -60.000004), (-13.38497, 393.38498, -60.000004), (26.61503, 393.38498, -60.000004), (13.38497, 393.38498, -60.000004), (53.384964, 393.38498, -60.000004), (26.61503, 393.38498, -60.000004), (-19.999998, 400, -60.000004), (-60.000004, 400, -60.000004), (53.384964, 393.38498, -60.000004), (60.000004, 400, -60.000004), (53.384964, 80, -60.000004), (60.000004, 40, -60.000004), (46.76994, 70, -60.000004), (60.000004, 40, -60.000004), (53.384964, 80, -60.000004), (-46.76994, 70, -60.000004), (60.000004, 40, -60.000004), (46.76994, 70, -60.000004), (-33.23006, 70, -60.000004), (-46.76994, 70, -60.000004), (46.76994, 70, -60.000004), (-6.769941, 70, -60.000004), (-33.23006, 70, -60.000004), (6.769941, 70, -60.000004), (-6.769941, 70, -60.000004), (33.23006, 70, -60.000004), (6.769941, 70, -60.000004), (-33.23006, 70, -60.000004), (-33.23006, 80, -60.000004), (53.384964, 393.38498, -60.000004), (53.384964, 80, -60.000004), (60.000004, 400, -60.000004), (20, 400, -60.000004), (53.384964, 393.38498, -60.000004), (60.000004, 400, -60.000004), (-19.999998, 400, -60.000004), (20, 400, -60.000004), (13.38497, 80, -60.000004), (26.61503, 80, -60.000004), (13.38497, 393.38498, -60.000004), (26.61503, 393.38498, -60.000004), (13.38497, 393.38498, -60.000004), (26.61503, 80, -60.000004), (-26.61503, 80, -60.000004), (-13.38497, 80, -60.000004), (-26.61503, 393.38498, -60.000004), (-13.38497, 393.38498, -60.000004), (-26.61503, 393.38498, -60.000004), (-13.38497, 80, -60.000004), (33.23006, 80, -60.000004), (26.61503, 80, -60.000004), (33.23006, 70, -60.000004), (13.38497, 80, -60.000004), (33.23006, 70, -60.000004), (26.61503, 80, -60.000004), (-26.61503, 80, -60.000004), (-33.23006, 80, -60.000004), (-6.769941, 70, -60.000004), (-6.769941, 80, -60.000004), (-13.38497, 80, -60.000004), (-6.769941, 70, -60.000004), (-26.61503, 80, -60.000004), (-6.769941, 70, -60.000004), (-13.38497, 80, -60.000004), (-53.384964, 80, -60.000004), (-46.76994, 70, -60.000004), (-46.76994, 80, -60.000004), (33.23006, 70, 60.000004), (33.23006, 80, 60.000004), (33.23006, 80, 55), (-33.23006, 80, -60.000004), (-33.23006, 80, -55), (-33.23006, 70, -60.000004), (-33.23006, 70, 60.000004), (-46.76994, 70, 60.000004), (-33.23006, 80, 55), (-46.76994, 80, 55), (-33.23006, 80, 55), (-46.76994, 70, 60.000004), (46.76994, 80, 60.000004), (46.76994, 70, 60.000004), (46.76994, 80, 55), (-6.769941, 70, -60.000004), (-6.769941, 80, -55), (-6.769941, 80, -60.000004), (-33.23006, 80, 60.000004), (-33.23006, 70, 60.000004), (-33.23006, 80, 55), (-46.76994, 70, 60.000004), (-46.76994, 80, 60.000004), (-46.76994, 80, 55), (-46.76994, 70, -60.000004), (-33.23006, 70, -60.000004), (-46.76994, 80, -55), (-33.23006, 80, -55), (-46.76994, 80, -55), (-33.23006, 70, -60.000004), (6.769941, 80, 60.000004), (6.769941, 70, 60.000004), (6.769941, 80, 55), (46.76994, 80, -60.000004), (46.76994, 80, -55), (46.76994, 70, -60.000004), (60.000004, 40, 60.000004), (60.000004, 400, 60.000004), (60.000004, 40, 20), (60.000004, 400, 20), (60.000004, 40, 20), (60.000004, 400, 60.000004), (60.000004, 40, -60.000004), (60.000004, 40, 20), (60.000004, 400, 20), (60.000004, 400, -20), (60.000004, 40, -60.000004), (60.000004, 400, 20), (60.000004, 400, -60.000004), (60.000004, 400, -20), (-6.769941, 70, 60.000004), (-6.769941, 80, 60.000004), (-6.769941, 80, 55), (46.76994, 70, 60.000004), (33.23006, 70, 60.000004), (46.76994, 80, 55), (33.23006, 80, 55), (46.76994, 80, 55), (33.23006, 70, 60.000004), (33.23006, 70, -60.000004), (33.23006, 80, -55), (33.23006, 80, -60.000004), (6.769941, 70, 60.000004), (-6.769941, 70, 60.000004), (6.769941, 80, 55), (-6.769941, 80, 55), (6.769941, 80, 55), (-6.769941, 70, 60.000004), (33.23006, 70, -60.000004), (46.76994, 70, -60.000004), (33.23006, 80, -55), (46.76994, 80, -55), (33.23006, 80, -55), (46.76994, 70, -60.000004), (-60.000004, 40, 60.000004), (-60.000004, 40, 20), (-60.000004, 400, 60.000004), (-60.000004, 400, 20), (-60.000004, 400, 60.000004), (-60.000004, 40, 20), (-60.000004, 40, -60.000004), (-60.000004, 400, 20), (-60.000004, 40, 20), (-60.000004, 400, -20), (-60.000004, 400, 20), (-60.000004, 40, -60.000004), (-60.000004, 400, -60.000004), (-60.000004, 400, -20), (-60.000004, 40, -60.000004), (6.769941, 80, -60.000004), (6.769941, 80, -55), (6.769941, 70, -60.000004), (28, -1.8047785e-14, 58), (52, -1.8047785e-14, 58), (52, 26.999998, 58), (28, 26.999998, 58), (12, 0, 58), (-12, 0, 58), (12, 26.999998, 58), (-12, 26.999998, 58), (-7, 0, -58), (7, 0, -58), (-7, 26.999998, -58), (7, 26.999998, -58), (-60.000004, 40, 60.000004), (60.000004, 40, 60.000004), (60.000004, 40, 60.000004), (60.000004, 40, 20), (60.000004, 40, -60.000004), (-60.000004, 40, -60.000004), (60.000004, 40, -60.000004), (-60.000004, 40, 60.000004), (-60.000004, 40, 20), (-60.000004, 40, -60.000004), (-52, -1.8047785e-14, 58), (-28, -1.8047785e-14, 58), (-28, 26.999998, 58), (-52, 26.999998, 58), (-55, 400, 55), (-55, 400, 20), (-20, 400, 55), (-55, 400, -20), (-55, 400, -55), (-19.999998, 400, -55), (-19.999998, 400, -20), (20, 400, 55), (-9.999999, 400, -20), (-9.999999, 400, -40), (10.000001, 400, -20), (20, 400, -20), (55, 400, 55), (20, 400, -40), (-19.999998, 400, -40), (20, 400, -55), (10.000001, 400, -40), (55, 400, -55), (55, 400, 20), (55, 400, -20), (52, 26.999998, 60.000004), (52, -1.8047785e-14, 60.000004), (52, 26.999998, 58), (52, -1.8047785e-14, 58), (-60.000004, -1.8047785e-14, -60.000004), (-60.000004, -1.8047785e-14, 60.000004), (-7, 0, -60.000004), (-52, -1.8047785e-14, 58), (-28, -1.8047785e-14, 58), (-28, -1.8047785e-14, 60.000004), (-12, 0, 58), (-7, 0, -58), (12, 0, 58), (7, 0, -58), (60.000004, -1.8047785e-14, -60.000004), (7, 0, -60.000004), (12, 0, 60.000004), (28, -1.8047785e-14, 58), (52, -1.8047785e-14, 58), (52, -1.8047785e-14, 60.000004), (60.000004, -1.8047785e-14, 60.000004), (28, -1.8047785e-14, 60.000004), (-12, 0, 60.000004), (-52, -1.8047785e-14, 60.000004), (-33.23006, 386.76996, 60.000004), (-33.23006, 80, 60.000004), (-33.23006, 386.76996, 55), (-33.23006, 80, 55), (20, 400, -20), (20, 404, -20), (20, 400, -40), (20, 404, -40), (33.23006, 386.76996, -60.000004), (33.23006, 386.76996, -55), (46.76994, 386.76996, -60.000004), (46.76994, 386.76996, -55), (-62, 408, -60.000004), (-62, 403.00003, -60.000004), (-60.000004, 408, -62), (-60.000004, 403.00003, -62), (-7, 0, -58), (-7, 26.999998, -58), (-7, 0, -60.000004), (-7, 26.999998, -60.000004), (33.23006, 80, -55), (33.23006, 386.76996, -55), (33.23006, 80, -60.000004), (33.23006, 386.76996, -60.000004), (-60.000004, 5, 60.000004), (-60.000004, -1.8047785e-14, 60.000004), (-60.000004, 5, -60.000004), (-60.000004, -1.8047785e-14, -60.000004), (-60.000004, 400, 60.000004), (-60.000004, 400, 20), (-60.000004, 403.00003, 60.000004), (-60.000004, 403.00003, -60.000004), (-60.000004, 400, -20), (-60.000004, 400, -60.000004), (6.769941, 80, -55), (6.769941, 80, -60.000004), (6.769941, 386.76996, -55), (6.769941, 386.76996, -60.000004), (-28, 26.999998, 60.000004), (-28, -1.8047785e-14, 60.000004), (-28, 26.999998, 58), (-28, -1.8047785e-14, 58), (-7, 26.999998, -60.000004), (-7, 26.999998, -58), (7, 26.999998, -60.000004), (7, 26.999998, -58), (-62, 408, 60.000004), (-62, 403.00003, 60.000004), (-62, 408, -60.000004), (-62, 403.00003, -60.000004), (-9.999999, 400, -20), (-9.999999, 404, -20), (-9.999999, 400, -40), (-9.999999, 404, -40), (60.000004, 400, 60.000004), (20, 400, 60.000004), (60.000004, 403.00003, 60.000004), (-20, 400, 60.000004), (-60.000004, 400, 60.000004), (-60.000004, 403.00003, 60.000004), (-52, -1.8047785e-14, 60.000004), (-52, 26.999998, 60.000004), (-52, -1.8047785e-14, 58), (-52, 26.999998, 58), (-60.000004, 403.00003, -62), (60.000004, 403.00003, -62), (-60.000004, 408, -62), (60.000004, 408, -62), (-12, 26.999998, 58), (-12, 26.999998, 60.000004), (12, 26.999998, 58), (12, 26.999998, 60.000004), (-62, 403.00003, -60.000004), (-60.000004, 403.00003, 60.000004), (-60.000004, 403.00003, -62), (-60.000004, 403.00003, -60.000004), (60.000004, 403.00003, -62), (60.000004, 403.00003, -60.000004), (62, 403.00003, -60.000004), (62, 403.00003, 60.000004), (-60.000004, 403.00003, 62), (-62, 403.00003, 60.000004), (60.000004, 403.00003, 60.000004), (60.000004, 403.00003, 62), (10.000001, 400, -40), (20, 400, -40), (10.000001, 404, -40), (20, 404, -40), (-19.999998, 404, -20), (-19.999998, 404, -40), (-9.999999, 404, -20), (-9.999999, 404, -40), (28, -1.8047785e-14, 60.000004), (28, 26.999998, 60.000004), (28, -1.8047785e-14, 58), (28, 26.999998, 58), (7, 26.999998, -58), (7, 0, -58), (7, 26.999998, -60.000004), (7, 0, -60.000004), (-26.61503, 80, 60.000004), (-33.23006, 80, 60.000004), (-26.61503, 393.38498, 60.000004), (-33.23006, 386.76996, 60.000004), (-46.76994, 386.76996, 60.000004), (-53.384964, 393.38498, 60.000004), (-46.76994, 80, 60.000004), (-53.384964, 80, 60.000004), (53.384964, 80, 60.000004), (46.76994, 80, 60.000004), (53.384964, 393.38498, 60.000004), (46.76994, 386.76996, 60.000004), (33.23006, 386.76996, 60.000004), (26.61503, 393.38498, 60.000004), (33.23006, 80, 60.000004), (26.61503, 80, 60.000004), (-52, 26.999998, 58), (-52, 26.999998, 60.000004), (-28, 26.999998, 58), (-28, 26.999998, 60.000004), (60.000004, -1.8047785e-14, 60.000004), (60.000004, 5, 60.000004), (60.000004, -1.8047785e-14, -60.000004), (60.000004, 5, -60.000004), (-28, 26.999998, 60.000004), (-25, 5, 60.000004), (-28, -1.8047785e-14, 60.000004), (-12, 0, 60.000004), (-25, 30.000002, 60.000004), (-52, 26.999998, 60.000004), (-55, 30.000002, 60.000004), (-55, 5, 60.000004), (-52, -1.8047785e-14, 60.000004), (-60.000004, -1.8047785e-14, 60.000004), (-60.000004, 5, 60.000004), (-15.000001, 5, 60.000004), (-12, 26.999998, 60.000004), (-15.000001, 30.000002, 60.000004), (15.000001, 30.000002, 60.000004), (12, 26.999998, 60.000004), (15.000001, 5, 60.000004), (12, 0, 60.000004), (25, 5, 60.000004), (28, -1.8047785e-14, 60.000004), (28, 26.999998, 60.000004), (25, 30.000002, 60.000004), (55, 30.000002, 60.000004), (52, 26.999998, 60.000004), (55, 5, 60.000004), (52, -1.8047785e-14, 60.000004), (60.000004, 5, 60.000004), (60.000004, -1.8047785e-14, 60.000004), (-12, 0, 60.000004), (-12, 26.999998, 60.000004), (-12, 0, 58), (-12, 26.999998, 58), (-60.000004, -1.8047785e-14, -60.000004), (-7, 0, -60.000004), (-60.000004, 5, -60.000004), (-10, 5, -60.000004), (-7, 26.999998, -60.000004), (-10, 30.000002, -60.000004), (7, 26.999998, -60.000004), (10, 30.000002, -60.000004), (10, 5, -60.000004), (7, 0, -60.000004), (60.000004, 5, -60.000004), (60.000004, -1.8047785e-14, -60.000004), (12, 26.999998, 60.000004), (12, 0, 60.000004), (12, 26.999998, 58), (12, 0, 58), (28, 26.999998, 58), (28, 26.999998, 60.000004), (52, 26.999998, 58), (52, 26.999998, 60.000004), (-60.000004, 408, 62), (-60.000004, 403.00003, 62), (-62, 408, 60.000004), (-62, 403.00003, 60.000004), (55, 408, 55), (55, 400, 55), (55, 408, -55), (55, 400, 20), (55, 400, -20), (55, 400, -55), (62, 403.00003, 60.000004), (62, 408, 60.000004), (62, 403.00003, -60.000004), (62, 408, -60.000004), (20, 400, -20), (10.000001, 400, -20), (20, 404, -20), (10.000001, 404, -20), (-6.769941, 80, -55), (-6.7699404, 386.76996, -55), (-6.769941, 80, -60.000004), (-6.769941, 386.76996, -60.000004), (10.000001, 404, -20), (10.000001, 404, -40), (20, 404, -20), (20, 404, -40), (13.38497, 80, 60.000004), (6.769941, 80, 60.000004), (13.38497, 393.38498, 60.000004), (6.769941, 386.76996, 60.000004), (-6.769941, 386.76996, 60.000004), (-13.38497, 393.38498, 60.000004), (-6.769941, 80, 60.000004), (-13.38497, 80, 60.000004), (-53.384964, 80, -60.000004), (-46.76994, 80, -60.000004), (-53.384964, 393.38498, -60.000004), (-46.76994, 386.76996, -60.000004), (-33.23006, 386.76996, -60.000004), (-26.61503, 393.38498, -60.000004), (-33.23006, 80, -60.000004), (-26.61503, 80, -60.000004), (-33.23006, 80, -55), (-33.23006, 80, -60.000004), (-33.23006, 386.76996, -55), (-33.23006, 386.76996, -60.000004), (46.76994, 386.76996, 60.000004), (46.76994, 80, 60.000004), (46.76994, 386.76996, 55), (46.76994, 80, 55), (-6.769941, 386.76996, 55), (-6.769941, 386.76996, 60.000004), (6.769941, 386.76996, 55), (6.769941, 386.76996, 60.000004), (46.76994, 80, -55), (46.76994, 80, -60.000004), (46.76994, 386.76996, -55), (46.76994, 386.76996, -60.000004), (62, 403.00003, 60.000004), (60.000004, 403.00003, 62), (62, 408, 60.000004), (60.000004, 408, 62), (-55, 408, 55), (-55, 408, -55), (-55, 400, 55), (-55, 400, 20), (-55, 400, -20), (-55, 400, -55), (10.000001, 404, -20), (10.000001, 400, -20), (10.000001, 404, -40), (10.000001, 400, -40), (-55, 400, 55), (-20, 400, 55), (-55, 408, 55), (20, 400, 55), (55, 400, 55), (55, 408, 55), (33.23006, 386.76996, 55), (33.23006, 386.76996, 60.000004), (46.76994, 386.76996, 55), (46.76994, 386.76996, 60.000004), (-19.999998, 400, -60.000004), (20, 400, -60.000004), (-60.000004, 400, -60.000004), (60.000004, 400, -60.000004), (-60.000004, 403.00003, -60.000004), (60.000004, 403.00003, -60.000004), (33.23006, 80, 60.000004), (33.23006, 386.76996, 60.000004), (33.23006, 80, 55), (33.23006, 386.76996, 55), (62, 403.00003, -60.000004), (62, 408, -60.000004), (60.000004, 403.00003, -62), (60.000004, 408, -62), (-6.769941, 386.76996, -60.000004), (-6.7699404, 386.76996, -55), (6.769941, 386.76996, -60.000004), (6.769941, 386.76996, -55), (-62, 408, 60.000004), (-62, 408, -60.000004), (-60.000004, 408, 62), (-60.000004, 408, -62), (-55, 408, 55), (60.000004, 408, 62), (55, 408, 55), (55, 408, -55), (-55, 408, -55), (60.000004, 408, -62), (62, 408, 60.000004), (62, 408, -60.000004), (-13.38497, 80, -60.000004), (-6.769941, 80, -60.000004), (-13.38497, 393.38498, -60.000004), (-6.769941, 386.76996, -60.000004), (6.769941, 386.76996, -60.000004), (13.38497, 393.38498, -60.000004), (6.769941, 80, -60.000004), (13.38497, 80, -60.000004), (-46.76994, 386.76996, -60.000004), (-46.76994, 386.76996, -55), (-33.23006, 386.76996, -60.000004), (-33.23006, 386.76996, -55), (-19.999998, 400, -40), (-9.999999, 400, -40), (-19.999998, 404, -40), (-9.999999, 404, -40), (20, 400, -55), (-19.999998, 400, -55), (55, 400, -55), (-55, 400, -55), (55, 408, -55), (-55, 408, -55), (26.61503, 80, -60.000004), (33.23006, 80, -60.000004), (26.61503, 393.38498, -60.000004), (33.23006, 386.76996, -60.000004), (46.76994, 386.76996, -60.000004), (53.384964, 393.38498, -60.000004), (46.76994, 80, -60.000004), (53.384964, 80, -60.000004), (-46.76994, 80, 60.000004), (-46.76994, 386.76996, 60.000004), (-46.76994, 80, 55), (-46.76994, 386.76996, 55), (-6.769941, 80, 60.000004), (-6.769941, 386.76996, 60.000004), (-6.769941, 80, 55), (-6.769941, 386.76996, 55), (-19.999998, 404, -20), (-19.999998, 400, -20), (-19.999998, 404, -40), (-19.999998, 400, -40), (-46.76994, 80, -55), (-46.76994, 386.76996, -55), (-46.76994, 80, -60.000004), (-46.76994, 386.76996, -60.000004), (-46.76994, 386.76996, 55), (-46.76994, 386.76996, 60.000004), (-33.23006, 386.76996, 55), (-33.23006, 386.76996, 60.000004), (-9.999999, 400, -20), (-19.999998, 400, -20), (-9.999999, 404, -20), (-19.999998, 404, -20), (60.000004, 403.00003, 62), (-60.000004, 403.00003, 62), (60.000004, 408, 62), (-60.000004, 408, 62), (60.000004, 400, 60.000004), (60.000004, 403.00003, 60.000004), (60.000004, 400, 20), (60.000004, 403.00003, -60.000004), (60.000004, 400, -20), (60.000004, 400, -60.000004), (6.769941, 386.76996, 60.000004), (6.769941, 80, 60.000004), (6.769941, 386.76996, 55), (6.769941, 80, 55), (5, 2, 58), (-5, 2, 58), (5, 25, 58), (-5, 25, 58), (-30.000002, 5, 58), (-50, 5, 58), (-30.000002, 25, 58), (-50, 25, 58), (-7, 5, 58), (-10, 5, 58), (-7, 25, 58), (-10, 25, 58), (10, 5, 58), (7, 5, 58), (10, 25, 58), (7, 25, 58), (50, 5, 58), (30.000002, 5, 58), (50, 25, 58), (30.000002, 25, 58), (33.23006, 80, -55), (46.76994, 80, -55), (33.23006, 386.76996, -55), (46.76994, 386.76996, -55), (6.769941, 80, 55), (-6.769941, 80, 55), (6.769941, 386.76996, 55), (-6.769941, 386.76996, 55), (-33.23006, 80, 55), (-46.76994, 80, 55), (-33.23006, 386.76996, 55), (-46.76994, 386.76996, 55), (46.76994, 80, 55), (33.23006, 80, 55), (46.76994, 386.76996, 55), (33.23006, 386.76996, 55), (-6.769941, 80, -55), (6.769941, 80, -55), (-6.7699404, 386.76996, -55), (6.769941, 386.76996, -55), (-46.76994, 80, -55), (-33.23006, 80, -55), (-46.76994, 386.76996, -55), (-33.23006, 386.76996, -55), (-6.769941, 70, -60.000004), (6.769941, 70, -60.000004), (-6.769941, 80, -55), (6.769941, 80, -55), (-6.769941, 80, -55), (6.769941, 70, -60.000004), (33.23006, 70, 60.000004), (6.769941, 70, 60.000004), (33.23006, 80, 60.000004), (26.61503, 80, 60.000004), (33.23006, 80, 60.000004), (6.769941, 70, 60.000004), (6.769941, 80, 60.000004), (13.38497, 80, 60.000004), (6.769941, 70, 60.000004), (26.61503, 80, 60.000004), (6.769941, 70, 60.000004), (13.38497, 80, 60.000004), (53.384964, 80, 60.000004), (46.76994, 70, 60.000004), (46.76994, 80, 60.000004), (-6.769941, 70, 60.000004), (-33.23006, 70, 60.000004), (-6.769941, 80, 60.000004), (-13.38497, 80, 60.000004), (-6.769941, 80, 60.000004), (-33.23006, 70, 60.000004), (-46.76994, 70, 60.000004), (-53.384964, 80, 60.000004), (-46.76994, 80, 60.000004), (-60.000004, 40, 60.000004), (46.76994, 70, 60.000004), (60.000004, 40, 60.000004), (53.384964, 80, 60.000004), (60.000004, 40, 60.000004), (46.76994, 70, 60.000004), (60.000004, 400, 60.000004), (60.000004, 40, 60.000004), (53.384964, 80, 60.000004), (53.384964, 393.38498, 60.000004), (60.000004, 400, 60.000004), (20, 400, 60.000004), (-60.000004, 400, 60.000004), (-20, 400, 60.000004), (20, 400, 60.000004), (26.61503, 393.38498, 60.000004), (60.000004, 400, 60.000004), (53.384964, 393.38498, 60.000004), (13.38497, 393.38498, 60.000004), (26.61503, 393.38498, 60.000004), (-13.38497, 393.38498, 60.000004), (13.38497, 393.38498, 60.000004), (-26.61503, 393.38498, 60.000004), (-13.38497, 393.38498, 60.000004), (-53.384964, 393.38498, 60.000004), (-26.61503, 393.38498, 60.000004), (-60.000004, 400, 60.000004), (-53.384964, 80, 60.000004), (-60.000004, 40, 60.000004), (-46.76994, 70, 60.000004), (-60.000004, 40, 60.000004), (-53.384964, 80, 60.000004), (46.76994, 70, 60.000004), (-60.000004, 40, 60.000004), (-46.76994, 70, 60.000004), (33.23006, 70, 60.000004), (46.76994, 70, 60.000004), (-46.76994, 70, 60.000004), (6.769941, 70, 60.000004), (33.23006, 70, 60.000004), (-6.769941, 70, 60.000004), (6.769941, 70, 60.000004), (-33.23006, 70, 60.000004), (-6.769941, 70, 60.000004), (-53.384964, 393.38498, 60.000004), (-53.384964, 80, 60.000004), (-60.000004, 400, 60.000004), (60.000004, 400, 60.000004), (-53.384964, 393.38498, 60.000004), (-60.000004, 400, 60.000004), (-13.38497, 80, 60.000004), (-26.61503, 80, 60.000004), (-13.38497, 393.38498, 60.000004), (-26.61503, 393.38498, 60.000004), (-13.38497, 393.38498, 60.000004), (-26.61503, 80, 60.000004), (26.61503, 80, 60.000004), (13.38497, 80, 60.000004), (26.61503, 393.38498, 60.000004), (13.38497, 393.38498, 60.000004), (26.61503, 393.38498, 60.000004), (13.38497, 80, 60.000004), (-33.23006, 80, 60.000004), (-26.61503, 80, 60.000004), (-33.23006, 70, 60.000004), (-13.38497, 80, 60.000004), (-33.23006, 70, 60.000004), (-26.61503, 80, 60.000004), (-46.76994, 70, -60.000004), (-46.76994, 80, -55), (-46.76994, 80, -60.000004), (6.769941, 70, -60.000004), (33.23006, 70, -60.000004), (6.769941, 80, -60.000004), (13.38497, 80, -60.000004), (6.769941, 80, -60.000004), (33.23006, 70, -60.000004), (46.76994, 70, -60.000004), (53.384964, 80, -60.000004), (46.76994, 80, -60.000004), (60.000004, 40, -60.000004), (-46.76994, 70, -60.000004), (-60.000004, 40, -60.000004), (-53.384964, 80, -60.000004), (-60.000004, 40, -60.000004), (-46.76994, 70, -60.000004), (-60.000004, 400, -60.000004), (-60.000004, 40, -60.000004), (-53.384964, 80, -60.000004), (-53.384964, 393.38498, -60.000004), (-60.000004, 400, -60.000004), (-26.61503, 393.38498, -60.000004), (-60.000004, 400, -60.000004), (-53.384964, 393.38498, -60.000004), (-13.38497, 393.38498, -60.000004), (-26.61503, 393.38498, -60.000004), (13.38497, 393.38498, -60.000004), (-13.38497, 393.38498, -60.000004), (26.61503, 393.38498, -60.000004), (13.38497, 393.38498, -60.000004), (53.384964, 393.38498, -60.000004), (26.61503, 393.38498, -60.000004), (-19.999998, 400, -60.000004), (-60.000004, 400, -60.000004), (53.384964, 393.38498, -60.000004), (60.000004, 400, -60.000004), (53.384964, 80, -60.000004), (60.000004, 40, -60.000004), (46.76994, 70, -60.000004), (60.000004, 40, -60.000004), (53.384964, 80, -60.000004), (-46.76994, 70, -60.000004), (60.000004, 40, -60.000004), (46.76994, 70, -60.000004), (-33.23006, 70, -60.000004), (-46.76994, 70, -60.000004), (46.76994, 70, -60.000004), (-6.769941, 70, -60.000004), (-33.23006, 70, -60.000004), (6.769941, 70, -60.000004), (-6.769941, 70, -60.000004), (33.23006, 70, -60.000004), (6.769941, 70, -60.000004), (-33.23006, 70, -60.000004), (-33.23006, 80, -60.000004), (53.384964, 393.38498, -60.000004), (53.384964, 80, -60.000004), (60.000004, 400, -60.000004), (20, 400, -60.000004), (53.384964, 393.38498, -60.000004), (60.000004, 400, -60.000004), (-19.999998, 400, -60.000004), (20, 400, -60.000004), (13.38497, 80, -60.000004), (26.61503, 80, -60.000004), (13.38497, 393.38498, -60.000004), (26.61503, 393.38498, -60.000004), (13.38497, 393.38498, -60.000004), (26.61503, 80, -60.000004), (-26.61503, 80, -60.000004), (-13.38497, 80, -60.000004), (-26.61503, 393.38498, -60.000004), (-13.38497, 393.38498, -60.000004), (-26.61503, 393.38498, -60.000004), (-13.38497, 80, -60.000004), (33.23006, 80, -60.000004), (26.61503, 80, -60.000004), (33.23006, 70, -60.000004), (13.38497, 80, -60.000004), (33.23006, 70, -60.000004), (26.61503, 80, -60.000004), (-26.61503, 80, -60.000004), (-33.23006, 80, -60.000004), (-6.769941, 70, -60.000004), (-6.769941, 80, -60.000004), (-13.38497, 80, -60.000004), (-6.769941, 70, -60.000004), (-26.61503, 80, -60.000004), (-6.769941, 70, -60.000004), (-13.38497, 80, -60.000004), (-53.384964, 80, -60.000004), (-46.76994, 70, -60.000004), (-46.76994, 80, -60.000004), (33.23006, 70, 60.000004), (33.23006, 80, 60.000004), (33.23006, 80, 55), (-33.23006, 80, -60.000004), (-33.23006, 80, -55), (-33.23006, 70, -60.000004), (-33.23006, 70, 60.000004), (-46.76994, 70, 60.000004), (-33.23006, 80, 55), (-46.76994, 80, 55), (-33.23006, 80, 55), (-46.76994, 70, 60.000004), (46.76994, 80, 60.000004), (46.76994, 70, 60.000004), (46.76994, 80, 55), (-6.769941, 70, -60.000004), (-6.769941, 80, -55), (-6.769941, 80, -60.000004), (-33.23006, 80, 60.000004), (-33.23006, 70, 60.000004), (-33.23006, 80, 55), (-46.76994, 70, 60.000004), (-46.76994, 80, 60.000004), (-46.76994, 80, 55), (-46.76994, 70, -60.000004), (-33.23006, 70, -60.000004), (-46.76994, 80, -55), (-33.23006, 80, -55), (-46.76994, 80, -55), (-33.23006, 70, -60.000004), (6.769941, 80, 60.000004), (6.769941, 70, 60.000004), (6.769941, 80, 55), (46.76994, 80, -60.000004), (46.76994, 80, -55), (46.76994, 70, -60.000004), (60.000004, 40, 60.000004), (60.000004, 400, 60.000004), (60.000004, 40, 20), (60.000004, 400, 20), (60.000004, 40, 20), (60.000004, 400, 60.000004), (60.000004, 40, -60.000004), (60.000004, 40, 20), (60.000004, 400, 20), (60.000004, 400, -20), (60.000004, 40, -60.000004), (60.000004, 400, 20), (60.000004, 400, -60.000004), (60.000004, 400, -20), (-6.769941, 70, 60.000004), (-6.769941, 80, 60.000004), (-6.769941, 80, 55), (46.76994, 70, 60.000004), (33.23006, 70, 60.000004), (46.76994, 80, 55), (33.23006, 80, 55), (46.76994, 80, 55), (33.23006, 70, 60.000004), (33.23006, 70, -60.000004), (33.23006, 80, -55), (33.23006, 80, -60.000004), (6.769941, 70, 60.000004), (-6.769941, 70, 60.000004), (6.769941, 80, 55), (-6.769941, 80, 55), (6.769941, 80, 55), (-6.769941, 70, 60.000004), (33.23006, 70, -60.000004), (46.76994, 70, -60.000004), (33.23006, 80, -55), (46.76994, 80, -55), (33.23006, 80, -55), (46.76994, 70, -60.000004), (-60.000004, 40, 60.000004), (-60.000004, 40, 20), (-60.000004, 400, 60.000004), (-60.000004, 400, 20), (-60.000004, 400, 60.000004), (-60.000004, 40, 20), (-60.000004, 40, -60.000004), (-60.000004, 400, 20), (-60.000004, 40, 20), (-60.000004, 400, -20), (-60.000004, 400, 20), (-60.000004, 40, -60.000004), (-60.000004, 400, -60.000004), (-60.000004, 400, -20), (-60.000004, 40, -60.000004), (6.769941, 80, -60.000004), (6.769941, 80, -55), (6.769941, 70, -60.000004), (28, -1.8047785e-14, 58), (52, -1.8047785e-14, 58), (52, 26.999998, 58), (28, 26.999998, 58), (12, 0, 58), (-12, 0, 58), (12, 26.999998, 58), (-12, 26.999998, 58), (-7, 0, -58), (7, 0, -58), (-7, 26.999998, -58), (7, 26.999998, -58), (-60.000004, 40, 60.000004), (60.000004, 40, 60.000004), (60.000004, 40, 60.000004), (60.000004, 40, 20), (60.000004, 40, -60.000004), (-60.000004, 40, -60.000004), (60.000004, 40, -60.000004), (-60.000004, 40, 60.000004), (-60.000004, 40, 20), (-60.000004, 40, -60.000004), (-52, -1.8047785e-14, 58), (-28, -1.8047785e-14, 58), (-28, 26.999998, 58), (-52, 26.999998, 58), (-55, 400, 55), (-55, 400, 20), (-20, 400, 55), (-55, 400, -20), (-55, 400, -55), (-19.999998, 400, -55), (-19.999998, 400, -20), (20, 400, 55), (-9.999999, 400, -20), (-9.999999, 400, -40), (10.000001, 400, -20), (20, 400, -20), (55, 400, 55), (20, 400, -40), (-19.999998, 400, -40), (20, 400, -55), (10.000001, 400, -40), (55, 400, -55), (55, 400, 20), (55, 400, -20)]
            texCoord2f[] primvars:st = [(22.834646, 10.629921), (23.622047, 0), (23.622047, 10.629921), (23.622047, 0), (22.834646, 10.629921), (22.834646, 0), (2.7559056, 23.622047), (23.622047, -23.622047), (23.622047, 23.622047), (23.622047, -23.622047), (2.7559056, 23.622047), (20.47244, -22.834646), (20.47244, -22.834646), (2.7559056, 23.622047), (11.0236225, -22.834646), (11.0236225, -22.834646), (2.7559056, 23.622047), (11.0236225, -23.622047), (11.0236225, -23.622047), (2.7559056, 23.622047), (4.7244096, -22.834646), (4.7244096, -22.834646), (2.7559056, 23.622047), (2.7559056, 22.834646), (4.7244096, -22.834646), (2.7559056, 22.834646), (-4.7244096, -22.834646), (-4.7244096, -22.834646), (2.7559056, 22.834646), (-2.7559056, 22.834646), (-2.7559056, 22.834646), (-23.622047, 23.622047), (-4.7244096, -22.834646), (-23.622047, 23.622047), (-2.7559056, 22.834646), (-2.7559056, 23.622047), (-4.7244096, -22.834646), (-23.622047, 23.622047), (-4.7244096, -23.622047), (-4.7244096, -23.622047), (-23.622047, 23.622047), (-11.0236225, -22.834646), (-11.0236225, -22.834646), (-23.622047, 23.622047), (-20.47244, -22.834646), (-20.47244, -22.834646), (-23.622047, 23.622047), (-20.47244, -23.622047), (-20.47244, -23.622047), (-23.622047, 23.622047), (-23.622047, -23.622047), (-11.0236225, -23.622047), (-4.7244096, -23.622047), (-11.0236225, -22.834646), (4.7244096, -23.622047), (11.0236225, -23.622047), (4.7244096, -22.834646), (20.47244, -23.622047), (23.622047, -23.622047), (20.47244, -22.834646), (21.653543, 152.27164), (23.622047, 31.496063), (23.622047, 152.27164), (23.622047, 31.496063), (21.653543, 152.27164), (21.653543, 31.496063), (15.748032, 157.48032), (7.874016, 159.05511), (7.874016, 157.48032), (7.874016, 159.05511), (15.748032, 157.48032), (15.748032, 159.05511), (-18.413363, 23.622047), (-13.082701, 21.653543), (-13.082701, 23.622047), (-13.082701, 21.653543), (-18.413363, 23.622047), (-18.413363, 21.653543), (-0.5567772, 160.62993), (0.5567768, 158.66142), (0.5567768, 160.62993), (0.5567768, 158.66142), (-0.5567772, 160.62993), (-0.5567772, 158.66142), (23.622047, 0), (22.834646, 10.629921), (22.834646, 0), (22.834646, 10.629921), (23.622047, 0), (23.622047, 10.629921), (23.622047, 31.496063), (21.653543, 152.27164), (21.653543, 31.496063), (21.653543, 152.27164), (23.622047, 31.496063), (23.622047, 152.27164), (-23.622047, 1.968504), (23.622047, 0), (23.622047, 1.968504), (23.622047, 0), (-23.622047, 1.968504), (-23.622047, 0), (23.622047, 158.6614), (7.874016, 157.48032), (23.622047, 157.48032), (7.874016, 157.48032), (23.622047, 158.6614), (-23.622047, 158.6614), (7.874016, 157.48032), (-23.622047, 158.6614), (-7.874016, 157.48032), (-7.874016, 157.48032), (-23.622047, 158.6614), (-23.622047, 157.48032), (-21.653543, 152.27164), (-23.622047, 31.496063), (-21.653543, 31.496063), (-23.622047, 31.496063), (-21.653543, 152.27164), (-23.622047, 152.27164), (22.834646, 10.629921), (23.622047, 0), (23.622047, 10.629921), (23.622047, 0), (22.834646, 10.629921), (22.834646, 0), (-2.7559056, 23.622047), (2.7559056, 22.834646), (2.7559056, 23.622047), (2.7559056, 22.834646), (-2.7559056, 23.622047), (-2.7559056, 22.834646), (-23.622047, 160.62993), (23.622047, 158.66142), (23.622047, 160.62993), (23.622047, 158.66142), (-23.622047, 160.62993), (-23.622047, 158.66142), (15.748032, 157.48032), (7.874016, 159.05511), (7.874016, 157.48032), (7.874016, 159.05511), (15.748032, 157.48032), (15.748032, 159.05511), (23.622047, 158.66142), (7.874016, 157.48032), (23.622047, 157.48032), (7.874016, 157.48032), (23.622047, 158.66142), (-7.874016, 157.48032), (-7.874016, 157.48032), (23.622047, 158.66142), (-23.622047, 157.48032), (-23.622047, 157.48032), (23.622047, 158.66142), (-23.622047, 158.66142), (-22.834646, 0), (-23.622047, 10.629921), (-23.622047, 0), (-23.622047, 10.629921), (-22.834646, 0), (-22.834646, 10.629921), (23.622047, 160.62993), (-23.622047, 158.66142), (23.622047, 158.66142), (-23.622047, 158.66142), (23.622047, 160.62993), (-23.622047, 160.62993), (-4.7244096, -22.834646), (4.7244096, -23.622047), (4.7244096, -22.834646), (4.7244096, -23.622047), (-4.7244096, -22.834646), (-4.7244096, -23.622047), (23.622047, 24.409449), (23.622047, -23.622047), (24.409449, 23.622047), (23.622047, -23.622047), (23.622047, 24.409449), (23.622047, 23.622047), (23.622047, 23.622047), (23.622047, 24.409449), (-23.622047, 24.409449), (23.622047, 23.622047), (-23.622047, 24.409449), (-23.622047, 23.622047), (-23.622047, 23.622047), (-23.622047, 24.409449), (-24.409449, 23.622047), (-23.622047, 23.622047), (-24.409449, 23.622047), (-24.409449, -23.622047), (23.622047, -24.409449), (24.409449, 23.622047), (23.622047, -23.622047), (24.409449, 23.622047), (23.622047, -24.409449), (24.409449, -23.622047), (23.622047, -24.409449), (23.622047, -23.622047), (-23.622047, -23.622047), (23.622047, -24.409449), (-23.622047, -23.622047), (-23.622047, -24.409449), (-23.622047, -24.409449), (-23.622047, -23.622047), (-23.622047, 23.622047), (-23.622047, -24.409449), (-23.622047, 23.622047), (-24.409449, -23.622047), (-3.9370081, 159.05511), (-7.874016, 157.48032), (-3.9370081, 157.48032), (-7.874016, 157.48032), (-3.9370081, 159.05511), (-7.874016, 159.05511), (-3.9370077, 7.874016), (-7.8740153, 15.748032), (-7.8740153, 7.874016), (-7.8740153, 15.748032), (-3.9370077, 7.874016), (-3.9370077, 15.748032), (-22.834646, 0), (-23.622047, 10.629921), (-23.622047, 0), (-23.622047, 10.629921), (-22.834646, 0), (-22.834646, 10.629921), (-23.622047, 10.629921), (-22.834646, 0), (-22.834646, 10.629921), (-22.834646, 0), (-23.622047, 10.629921), (-23.622047, 0), (-10.478358, 154.87598), (-13.082701, 31.496063), (-10.478358, 31.496063), (-13.082701, 31.496063), (-10.478358, 154.87598), (-13.082701, 152.27164), (-13.082701, 152.27164), (-10.478358, 154.87598), (-18.413363, 152.27164), (-21.017704, 154.87598), (-18.413363, 152.27164), (-10.478358, 154.87598), (-21.017704, 154.87598), (-18.413363, 31.496063), (-18.413363, 152.27164), (-18.413363, 31.496063), (-21.017704, 154.87598), (-21.017704, 31.496063), (21.017704, 154.87598), (18.413363, 31.496063), (21.017704, 31.496063), (18.413363, 31.496063), (21.017704, 154.87598), (18.413363, 152.27164), (18.413363, 152.27164), (21.017704, 154.87598), (13.082701, 152.27164), (10.478358, 154.87598), (13.082701, 152.27164), (21.017704, 154.87598), (10.478358, 154.87598), (13.082701, 31.496063), (13.082701, 152.27164), (13.082701, 31.496063), (10.478358, 154.87598), (10.478358, 31.496063), (11.0236225, -22.834646), (20.47244, -23.622047), (20.47244, -22.834646), (20.47244, -23.622047), (11.0236225, -22.834646), (11.0236225, -23.622047), (23.622047, 0), (-23.622047, 1.968504), (-23.622047, 0), (-23.622047, 1.968504), (23.622047, 0), (23.622047, 1.968504), (-11.0236225, 0), (-9.84252, 1.968504), (-11.0236225, 10.629921), (-9.84252, 1.968504), (-11.0236225, 0), (-4.7244096, 0), (-11.0236225, 10.629921), (-9.84252, 1.968504), (-9.84252, 11.811024), (-11.0236225, 10.629921), (-9.84252, 11.811024), (-20.47244, 10.629921), (-21.653543, 11.811024), (-20.47244, 10.629921), (-9.84252, 11.811024), (-21.653543, 1.968504), (-20.47244, 10.629921), (-21.653543, 11.811024), (-21.653543, 1.968504), (-20.47244, 0), (-20.47244, 10.629921), (-20.47244, 0), (-21.653543, 1.968504), (-23.622047, 0), (-23.622047, 0), (-21.653543, 1.968504), (-23.622047, 1.968504), (-4.7244096, 0), (-5.905512, 1.968504), (-9.84252, 1.968504), (-5.905512, 1.968504), (-4.7244096, 0), (-4.7244096, 10.629921), (-5.905512, 1.968504), (-4.7244096, 10.629921), (-5.905512, 11.811024), (-5.905512, 11.811024), (-4.7244096, 10.629921), (5.905512, 11.811024), (4.7244096, 10.629921), (5.905512, 11.811024), (-4.7244096, 10.629921), (4.7244096, 10.629921), (5.905512, 1.968504), (5.905512, 11.811024), (4.7244096, 0), (5.905512, 1.968504), (4.7244096, 10.629921), (5.905512, 1.968504), (4.7244096, 0), (9.84252, 1.968504), (11.0236225, 0), (9.84252, 1.968504), (4.7244096, 0), (9.84252, 1.968504), (11.0236225, 0), (11.0236225, 10.629921), (9.84252, 1.968504), (11.0236225, 10.629921), (9.84252, 11.811024), (9.84252, 11.811024), (11.0236225, 10.629921), (21.653543, 11.811024), (20.47244, 10.629921), (21.653543, 11.811024), (11.0236225, 10.629921), (20.47244, 10.629921), (21.653543, 1.968504), (21.653543, 11.811024), (20.47244, 0), (21.653543, 1.968504), (20.47244, 10.629921), (20.47244, 0), (23.622047, 1.968504), (21.653543, 1.968504), (23.622047, 1.968504), (20.47244, 0), (23.622047, 0), (-22.834646, 0), (-23.622047, 10.629921), (-23.622047, 0), (-23.622047, 10.629921), (-22.834646, 0), (-22.834646, 10.629921), (23.622047, 1.968504), (2.7559056, 0), (23.622047, 0), (2.7559056, 0), (23.622047, 1.968504), (3.937008, 1.968504), (2.7559056, 0), (3.937008, 1.968504), (2.7559056, 10.629921), (2.7559056, 10.629921), (3.937008, 1.968504), (3.937008, 11.811024), (2.7559056, 10.629921), (3.937008, 11.811024), (-2.7559056, 10.629921), (-3.937008, 11.811024), (-2.7559056, 10.629921), (3.937008, 11.811024), (-3.937008, 1.968504), (-2.7559056, 10.629921), (-3.937008, 11.811024), (-2.7559056, 10.629921), (-3.937008, 1.968504), (-2.7559056, 0), (-23.622047, 1.968504), (-2.7559056, 0), (-3.937008, 1.968504), (-2.7559056, 0), (-23.622047, 1.968504), (-23.622047, 0), (22.834646, 10.629921), (23.622047, 0), (23.622047, 10.629921), (23.622047, 0), (22.834646, 10.629921), (22.834646, 0), (-20.47244, -22.834646), (-11.0236225, -23.622047), (-11.0236225, -22.834646), (-11.0236225, -23.622047), (-20.47244, -22.834646), (-20.47244, -23.622047), (-0.556777, 160.62993), (0.556777, 158.66142), (0.556777, 160.62993), (0.556777, 158.66142), (-0.556777, 160.62993), (-0.556777, 158.66142), (-21.653543, 160.62993), (21.653543, 157.48032), (21.653543, 160.62993), (21.653543, 157.48032), (-21.653543, 160.62993), (7.874016, 157.48032), (7.874016, 157.48032), (-21.653543, 160.62993), (-7.874016, 157.48032), (-7.874016, 157.48032), (-21.653543, 160.62993), (-21.653543, 157.48032), (23.622047, 158.66142), (-23.622047, 160.62993), (-23.622047, 158.66142), (-23.622047, 160.62993), (23.622047, 158.66142), (23.622047, 160.62993), (7.874016, 159.05511), (3.9370081, 157.48032), (7.874016, 157.48032), (3.9370081, 157.48032), (7.874016, 159.05511), (3.9370081, 159.05511), (23.622047, 31.496063), (21.653543, 152.27164), (21.653543, 31.496063), (21.653543, 152.27164), (23.622047, 31.496063), (23.622047, 152.27164), (7.874016, 7.874016), (3.9370081, 15.748032), (3.9370081, 7.874016), (3.9370081, 15.748032), (7.874016, 7.874016), (7.874016, 15.748032), (5.2696733, 154.87598), (2.6653311, 31.496063), (5.2696733, 31.496063), (2.6653311, 31.496063), (5.2696733, 154.87598), (2.6653311, 152.27164), (2.6653311, 152.27164), (5.2696733, 154.87598), (-2.6653311, 152.27164), (-5.2696733, 154.87598), (-2.6653311, 152.27164), (5.2696733, 154.87598), (-5.2696733, 154.87598), (-2.6653311, 31.496063), (-2.6653311, 152.27164), (-2.6653311, 31.496063), (-5.2696733, 154.87598), (-5.2696733, 31.496063), (21.017704, 154.87598), (18.413363, 31.496063), (21.017704, 31.496063), (18.413363, 31.496063), (21.017704, 154.87598), (18.413363, 152.27164), (18.413363, 152.27164), (21.017704, 154.87598), (13.082701, 152.27164), (10.478358, 154.87598), (13.082701, 152.27164), (21.017704, 154.87598), (10.478358, 154.87598), (13.082701, 31.496063), (13.082701, 152.27164), (13.082701, 31.496063), (10.478358, 154.87598), (10.478358, 31.496063), (-21.653543, 152.27164), (-23.622047, 31.496063), (-21.653543, 31.496063), (-23.622047, 31.496063), (-21.653543, 152.27164), (-23.622047, 152.27164), (21.653543, 152.27164), (23.622047, 31.496063), (23.622047, 152.27164), (23.622047, 31.496063), (21.653543, 152.27164), (21.653543, 31.496063), (-2.6653311, -21.653543), (2.6653311, -23.622047), (2.6653311, -21.653543), (2.6653311, -23.622047), (-2.6653311, -21.653543), (-2.6653311, -23.622047), (-21.653543, 152.27164), (-23.622047, 31.496063), (-21.653543, 31.496063), (-23.622047, 31.496063), (-21.653543, 152.27164), (-23.622047, 152.27164), (0.556777, 160.62993), (-0.556777, 158.66142), (0.556777, 158.66142), (-0.556777, 158.66142), (0.556777, 160.62993), (-0.556777, 160.62993), (-21.653543, 157.48032), (21.653543, 160.62991), (-21.653543, 160.62991), (21.653543, 160.62991), (-21.653543, 157.48032), (-7.874016, 157.48032), (21.653543, 160.62991), (-7.874016, 157.48032), (7.874016, 157.48032), (21.653543, 160.62991), (7.874016, 157.48032), (21.653543, 157.48032), (-15.748032, 159.05511), (-7.874016, 157.48032), (-7.874016, 159.05511), (-7.874016, 157.48032), (-15.748032, 159.05511), (-15.748032, 157.48032), (21.653543, 160.62993), (7.874016, 157.48032), (21.653543, 157.48032), (7.874016, 157.48032), (21.653543, 160.62993), (-7.874016, 157.48032), (-7.874016, 157.48032), (21.653543, 160.62993), (-21.653543, 157.48032), (-21.653543, 157.48032), (21.653543, 160.62993), (-21.653543, 160.62993), (-18.413363, -21.653543), (-13.082701, -23.622047), (-13.082701, -21.653543), (-13.082701, -23.622047), (-18.413363, -21.653543), (-18.413363, -23.622047), (23.622047, 157.48032), (-7.874016, 157.48032), (7.8740153, 157.48032), (-7.874016, 157.48032), (23.622047, 157.48032), (-23.622047, 157.48032), (-23.622047, 157.48032), (23.622047, 157.48032), (23.622047, 158.6614), (-23.622047, 157.48032), (23.622047, 158.6614), (-23.622047, 158.6614), (-21.653543, 31.496063), (-23.622047, 152.27164), (-23.622047, 31.496063), (-23.622047, 152.27164), (-21.653543, 31.496063), (-21.653543, 152.27164), (0.5567768, 158.66142), (-0.5567772, 160.62993), (-0.5567772, 158.66142), (-0.5567772, 160.62993), (0.5567768, 158.66142), (0.5567768, 160.62993), (-2.6653311, 23.622047), (2.665331, 21.653543), (2.6653311, 23.622047), (2.665331, 21.653543), (-2.6653311, 23.622047), (-2.6653311, 21.653543), (-23.622047, -24.409449), (-24.409449, 23.622047), (-24.409449, -23.622047), (-24.409449, 23.622047), (-23.622047, -24.409449), (-23.622047, 24.409449), (-23.622047, 24.409449), (-23.622047, -24.409449), (-21.653543, -21.653543), (-21.653543, -21.653543), (-23.622047, -24.409449), (23.622047, -24.409449), (-21.653543, -21.653543), (23.622047, -24.409449), (21.653543, -21.653543), (21.653543, -21.653543), (23.622047, -24.409449), (21.653543, 21.653543), (-21.653543, 21.653543), (-23.622047, 24.409449), (-21.653543, -21.653543), (-23.622047, 24.409449), (-21.653543, 21.653543), (23.622047, 24.409449), (23.622047, 24.409449), (-21.653543, 21.653543), (21.653543, 21.653543), (23.622047, 24.409449), (21.653543, 21.653543), (23.622047, -24.409449), (23.622047, 24.409449), (23.622047, -24.409449), (24.409449, -23.622047), (23.622047, 24.409449), (24.409449, -23.622047), (24.409449, 23.622047), (5.2696733, 154.87598), (2.665331, 31.496063), (5.2696733, 31.496063), (2.665331, 31.496063), (5.2696733, 154.87598), (2.665331, 152.27164), (2.665331, 152.27164), (5.2696733, 154.87598), (-2.6653311, 152.27164), (-5.2696733, 154.87598), (-2.6653311, 152.27164), (5.2696733, 154.87598), (-5.2696733, 154.87598), (-2.6653311, 31.496063), (-2.6653311, 152.27164), (-2.6653311, 31.496063), (-5.2696733, 154.87598), (-5.2696733, 31.496063), (13.082701, 23.622047), (18.413363, 21.653543), (18.413363, 23.622047), (18.413363, 21.653543), (13.082701, 23.622047), (13.082701, 21.653543), (7.8740153, 159.05511), (3.9370077, 157.48032), (7.8740153, 157.48032), (3.9370077, 157.48032), (7.8740153, 159.05511), (3.9370077, 159.05511), (21.653543, 157.48032), (-7.8740153, 157.48032), (7.874016, 157.48032), (-7.8740153, 157.48032), (21.653543, 157.48032), (-21.653543, 157.48032), (-21.653543, 157.48032), (21.653543, 157.48032), (21.653543, 160.62993), (-21.653543, 157.48032), (21.653543, 160.62993), (-21.653543, 160.62993), (-10.478358, 154.87598), (-13.082701, 31.496063), (-10.478358, 31.496063), (-13.082701, 31.496063), (-10.478358, 154.87598), (-13.082701, 152.27164), (-13.082701, 152.27164), (-10.478358, 154.87598), (-18.413363, 152.27164), (-21.017706, 154.87598), (-18.413363, 152.27164), (-10.478358, 154.87598), (-21.017706, 154.87598), (-18.413363, 31.496063), (-18.413363, 152.27164), (-18.413363, 31.496063), (-21.017706, 154.87598), (-21.017706, 31.496063), (-21.653543, 31.496063), (-23.622047, 152.27164), (-23.622047, 31.496063), (-23.622047, 152.27164), (-21.653543, 31.496063), (-21.653543, 152.27164), (-21.653543, 31.496063), (-23.622047, 152.27164), (-23.622047, 31.496063), (-23.622047, 152.27164), (-21.653543, 31.496063), (-21.653543, 152.27164), (-15.748032, 159.05511), (-7.874016, 157.48032), (-7.874016, 159.05511), (-7.874016, 157.48032), (-15.748032, 159.05511), (-15.748032, 157.48032), (23.622047, 31.496063), (21.653543, 152.27164), (21.653543, 31.496063), (21.653543, 152.27164), (23.622047, 31.496063), (23.622047, 152.27164), (13.082701, -21.653543), (18.413363, -23.622047), (18.413363, -21.653543), (18.413363, -23.622047), (13.082701, -21.653543), (13.082701, -23.622047), (-3.9370077, 159.05511), (-7.8740153, 157.48032), (-3.9370077, 157.48032), (-7.8740153, 157.48032), (-3.9370077, 159.05511), (-7.8740153, 159.05511), (23.622047, 160.62993), (-23.622047, 158.66142), (23.622047, 158.66142), (-23.622047, 158.66142), (23.622047, 160.62993), (-23.622047, 160.62993), (-7.874016, 157.48032), (-23.622047, 158.66142), (-23.622047, 157.48032), (-23.622047, 158.66142), (-7.874016, 157.48032), (23.622047, 158.66142), (23.622047, 158.66142), (-7.874016, 157.48032), (7.874016, 157.48032), (23.622047, 158.66142), (7.874016, 157.48032), (23.622047, 157.48032), (21.653543, 152.27164), (23.622047, 31.496063), (23.622047, 152.27164), (23.622047, 31.496063), (21.653543, 152.27164), (21.653543, 31.496063), (1.968504, 9.84252), (-1.968504, 0.78740156), (1.968504, 0.78740156), (-1.968504, 0.78740156), (1.968504, 9.84252), (-1.968504, 9.84252), (-11.811024, 9.84252), (-19.68504, 1.968504), (-11.811024, 1.968504), (-19.68504, 1.968504), (-11.811024, 9.84252), (-19.68504, 9.84252), (-2.7559056, 9.84252), (-3.937008, 1.968504), (-2.7559056, 1.968504), (-3.937008, 1.968504), (-2.7559056, 9.84252), (-3.937008, 9.84252), (3.937008, 9.84252), (2.7559056, 1.968504), (3.937008, 1.968504), (2.7559056, 1.968504), (3.937008, 9.84252), (2.7559056, 9.84252), (19.68504, 9.84252), (11.811024, 1.968504), (19.68504, 1.968504), (11.811024, 1.968504), (19.68504, 9.84252), (11.811024, 9.84252), (-13.082701, 152.27164), (-18.413363, 31.496063), (-13.082701, 31.496063), (-18.413363, 31.496063), (-13.082701, 152.27164), (-18.413363, 152.27164), (2.6653311, 152.27164), (-2.6653311, 31.496063), (2.6653311, 31.496063), (-2.6653311, 31.496063), (2.6653311, 152.27164), (-2.6653311, 152.27164), (-13.082701, 152.27164), (-18.413363, 31.496063), (-13.082701, 31.496063), (-18.413363, 31.496063), (-13.082701, 152.27164), (-18.413363, 152.27164), (18.413363, 152.27164), (13.082701, 31.496063), (18.413363, 31.496063), (13.082701, 31.496063), (18.413363, 152.27164), (13.082701, 152.27164), (2.665331, 152.27164), (-2.6653311, 31.496063), (2.665331, 31.496063), (-2.6653311, 31.496063), (2.665331, 152.27164), (-2.6653311, 152.27164), (18.413363, 152.27164), (13.082701, 31.496063), (18.413363, 31.496063), (13.082701, 31.496063), (18.413363, 152.27164), (13.082701, 152.27164), (22.834646, 10.629921), (23.622047, 0), (23.622047, 10.629921), (22.834646, 10.629921), (23.622047, 0), (23.622047, 10.629921), (21.653543, 152.27164), (23.622047, 31.496063), (23.622047, 152.27164), (21.653543, 152.27164), (23.622047, 31.496063), (23.622047, 152.27164), (21.653543, 152.27164), (23.622047, 31.496063), (23.622047, 152.27164), (21.653543, 152.27164), (23.622047, 31.496063), (23.622047, 152.27164), (21.653543, 152.27164), (23.622047, 31.496063), (23.622047, 152.27164), (21.653543, 152.27164), (23.622047, 31.496063), (23.622047, 152.27164), (21.653543, 152.27164), (23.622047, 31.496063), (23.622047, 152.27164), (21.653543, 152.27164), (23.622047, 31.496063), (23.622047, 152.27164), (21.653543, 152.27164), (23.622047, 31.496063), (23.622047, 152.27164), (21.653543, 152.27164), (23.622047, 31.496063), (23.622047, 152.27164), (21.653543, 152.27164), (23.622047, 31.496063), (23.622047, 152.27164), (21.653543, 152.27164), (23.622047, 31.496063), (23.622047, 152.27164), (21.653543, 152.27164), (23.622047, 31.496063), (23.622047, 152.27164), (21.653543, 152.27164), (23.622047, 31.496063), (23.622047, 152.27164), (21.653543, 152.27164), (23.622047, 31.496063), (23.622047, 152.27164), (21.653543, 152.27164), (23.622047, 31.496063), (23.622047, 152.27164), (21.653543, 152.27164), (23.622047, 31.496063), (23.622047, 152.27164), (21.653543, 152.27164), (23.622047, 31.496063), (23.622047, 152.27164), (21.653543, 152.27164), (23.622047, 31.496063), (23.622047, 152.27164), (21.653543, 152.27164), (23.622047, 31.496063), (23.622047, 152.27164), (21.653543, 152.27164), (23.622047, 31.496063), (23.622047, 152.27164), (21.653543, 152.27164), (23.622047, 31.496063), (23.622047, 152.27164), (21.653543, 152.27164), (23.622047, 31.496063), (23.622047, 152.27164), (21.653543, 152.27164), (23.622047, 31.496063), (23.622047, 152.27164), (21.653543, 152.27164), (23.622047, 31.496063), (23.622047, 152.27164), (21.653543, 152.27164), (23.622047, 31.496063), (23.622047, 152.27164), (21.653543, 152.27164), (23.622047, 31.496063), (23.622047, 152.27164), (21.653543, 152.27164), (23.622047, 31.496063), (23.622047, 152.27164), (21.653543, 152.27164), (23.622047, 31.496063), (23.622047, 152.27164), (21.653543, 152.27164), (23.622047, 31.496063), (23.622047, 152.27164), (21.653543, 152.27164), (23.622047, 31.496063), (23.622047, 152.27164), (21.653543, 152.27164), (23.622047, 31.496063), (23.622047, 152.27164), (21.653543, 152.27164), (23.622047, 31.496063), (23.622047, 152.27164), (21.653543, 152.27164), (23.622047, 31.496063), (23.622047, 152.27164), (-7.874016, 157.48032), (-23.622047, 158.6614), (-23.622047, 157.48032), (2.7559056, 22.834646), (-2.7559056, 23.622047), (-2.7559056, 22.834646), (2.7559056, 22.834646), (-2.7559056, 23.622047), (-2.7559056, 22.834646), (2.7559056, 22.834646), (-2.7559056, 23.622047), (-2.7559056, 22.834646), (2.7559056, 22.834646), (-2.7559056, 23.622047), (-2.7559056, 22.834646), (2.7559056, 22.834646), (-2.7559056, 23.622047), (-2.7559056, 22.834646), (2.7559056, 22.834646), (-2.7559056, 23.622047), (-2.7559056, 22.834646), (2.7559056, 22.834646), (-2.7559056, 23.622047), (-2.7559056, 22.834646), (2.7559056, 22.834646), (-2.7559056, 23.622047), (-2.7559056, 22.834646), (2.7559056, 22.834646), (-2.7559056, 23.622047), (-2.7559056, 22.834646), (2.7559056, 22.834646), (-2.7559056, 23.622047), (-2.7559056, 22.834646), (2.7559056, 22.834646), (-2.7559056, 23.622047), (-2.7559056, 22.834646), (2.7559056, 22.834646), (-2.7559056, 23.622047), (-2.7559056, 22.834646), (2.7559056, 22.834646), (-2.7559056, 23.622047), (-2.7559056, 22.834646), (2.7559056, 22.834646), (-2.7559056, 23.622047), (-2.7559056, 22.834646), (2.7559056, 22.834646), (-2.7559056, 23.622047), (-2.7559056, 22.834646), (2.7559056, 22.834646), (-2.7559056, 23.622047), (-2.7559056, 22.834646), (2.7559056, 22.834646), (-2.7559056, 23.622047), (-2.7559056, 22.834646), (2.7559056, 22.834646), (-2.7559056, 23.622047), (-2.7559056, 22.834646), (2.7559056, 22.834646), (-2.7559056, 23.622047), (-2.7559056, 22.834646), (2.7559056, 22.834646), (-2.7559056, 23.622047), (-2.7559056, 22.834646), (2.7559056, 22.834646), (-2.7559056, 23.622047), (-2.7559056, 22.834646), (2.7559056, 22.834646), (-2.7559056, 23.622047), (-2.7559056, 22.834646), (2.7559056, 22.834646), (-2.7559056, 23.622047), (-2.7559056, 22.834646), (2.7559056, 22.834646), (-2.7559056, 23.622047), (-2.7559056, 22.834646), (2.7559056, 22.834646), (-2.7559056, 23.622047), (-2.7559056, 22.834646), (2.7559056, 22.834646), (-2.7559056, 23.622047), (-2.7559056, 22.834646), (2.7559056, 22.834646), (-2.7559056, 23.622047), (-2.7559056, 22.834646), (2.7559056, 22.834646), (-2.7559056, 23.622047), (-2.7559056, 22.834646), (2.7559056, 22.834646), (-2.7559056, 23.622047), (-2.7559056, 22.834646), (2.7559056, 22.834646), (-2.7559056, 23.622047), (-2.7559056, 22.834646), (2.7559056, 22.834646), (-2.7559056, 23.622047), (-2.7559056, 22.834646), (2.7559056, 22.834646), (-2.7559056, 23.622047), (-2.7559056, 22.834646), (2.7559056, 22.834646), (-2.7559056, 23.622047), (-2.7559056, 22.834646), (2.7559056, 22.834646), (-2.7559056, 23.622047), (-2.7559056, 22.834646), (11.0236225, 10.629921), (11.811024, 9.84252), (20.47244, 10.629921), (23.622047, 158.66142), (-23.622047, 160.62993), (-23.622047, 158.66142), (23.622047, 158.66142), (-23.622047, 160.62993), (-23.622047, 158.66142), (23.622047, 158.66142), (-23.622047, 160.62993), (-23.622047, 158.66142), (-2.7559056, 1.968504), (-1.968504, 9.84252), (-2.7559056, 9.84252), (-2.7559056, 1.968504), (-1.968504, 9.84252), (-2.7559056, 9.84252), (2.7559056, 1.968504), (3.937008, 9.84252), (2.7559056, 9.84252), (7.874016, 159.05511), (15.748032, 157.48032), (15.748032, 159.05511), (-23.622047, 157.48032), (23.622047, 158.66142), (-23.622047, 158.66142), (-23.622047, 157.48032), (23.622047, 158.66142), (-23.622047, 158.66142), (10.478358, 154.87598), (13.082701, 152.27164), (21.017704, 154.87598), (20.47244, -23.622047), (11.0236225, -22.834646), (11.0236225, -23.622047), (-23.622047, 10.629921), (-22.834646, 0), (-22.834646, 10.629921), (-23.622047, 10.629921), (-22.834646, 0), (-22.834646, 10.629921), (-23.622047, 10.629921), (-22.834646, 0), (-22.834646, 10.629921), (-23.622047, 10.629921), (-22.834646, 0), (-22.834646, 10.629921), (-23.622047, 10.629921), (-22.834646, 0), (-22.834646, 10.629921), (-7.874016, 15.748032), (23.622047, 1.968504), (23.622047, 15.748032), (-20.47244, 10.629921), (-19.68504, 9.84252), (-11.0236225, 10.629921), (-20.47244, 10.629921), (-19.68504, 9.84252), (-11.0236225, 10.629921), (-7.874016, 157.48032), (-21.653543, 160.62993), (-21.653543, 157.48032), (3.9370081, 15.748032), (7.874016, 7.874016), (7.874016, 15.748032), (3.9370081, 15.748032), (7.874016, 7.874016), (7.874016, 15.748032), (-13.082701, -23.622047), (-18.413363, -21.653543), (-18.413363, -23.622047), (-13.082701, -23.622047), (-18.413363, -21.653543), (-18.413363, -23.622047), (-13.082701, -23.622047), (-18.413363, -21.653543), (-18.413363, -23.622047), (-13.082701, -23.622047), (-18.413363, -21.653543), (-18.413363, -23.622047), (-13.082701, -23.622047), (-18.413363, -21.653543), (-18.413363, -23.622047), (-13.082701, -23.622047), (-18.413363, -21.653543), (-18.413363, -23.622047), (-13.082701, -23.622047), (-18.413363, -21.653543), (-18.413363, -23.622047), (-13.082701, -23.622047), (-18.413363, -21.653543), (-18.413363, -23.622047), (20.47244, 0), (19.68504, 1.968504), (11.0236225, 0), (19.68504, 1.968504), (20.47244, 0), (20.47244, 10.629921), (19.68504, 1.968504), (20.47244, 10.629921), (19.68504, 9.84252), (19.68504, 9.84252), (20.47244, 10.629921), (11.811024, 9.84252), (11.811024, 1.968504), (11.0236225, 0), (19.68504, 1.968504), (11.0236225, 0), (11.811024, 1.968504), (11.0236225, 10.629921), (11.0236225, 10.629921), (11.811024, 1.968504), (11.811024, 9.84252), (11.0236225, 10.629921), (11.811024, 9.84252), (20.47244, 10.629921), (1.968504, 0.78740156), (2.7559056, 1.968504), (1.968504, 9.84252), (2.7559056, 1.968504), (1.968504, 0.78740156), (3.937008, 1.968504), (1.968504, 9.84252), (2.7559056, 1.968504), (2.7559056, 9.84252), (1.968504, 9.84252), (2.7559056, 9.84252), (-1.968504, 9.84252), (-1.968504, 9.84252), (2.7559056, 9.84252), (-2.7559056, 9.84252), (-2.7559056, 9.84252), (2.7559056, 9.84252), (-3.937008, 9.84252), (1.968504, 0.78740156), (4.7244096, 0), (3.937008, 1.968504), (4.7244096, 0), (1.968504, 0.78740156), (-4.7244096, 0), (3.937008, 1.968504), (4.7244096, 0), (4.7244096, 10.629921), (3.937008, 1.968504), (4.7244096, 10.629921), (3.937008, 9.84252), (3.937008, 9.84252), (4.7244096, 10.629921), (2.7559056, 9.84252), (-1.968504, 0.78740156), (-4.7244096, 0), (1.968504, 0.78740156), (-3.937008, 1.968504), (-4.7244096, 0), (-1.968504, 0.78740156), (-4.7244096, 0), (-3.937008, 1.968504), (-4.7244096, 10.629921), (-4.7244096, 10.629921), (-3.937008, 1.968504), (-3.937008, 9.84252), (-4.7244096, 10.629921), (-3.937008, 9.84252), (2.7559056, 9.84252), (-4.7244096, 10.629921), (2.7559056, 9.84252), (4.7244096, 10.629921), (-3.937008, 1.968504), (-1.968504, 0.78740156), (-2.7559056, 1.968504), (-1.968504, 9.84252), (-2.7559056, 1.968504), (-1.968504, 0.78740156), (-2.7559056, 1.968504), (-1.968504, 9.84252), (-2.7559056, 9.84252), (2.7559056, 10.629921), (-2.7559056, 0), (2.7559056, 0), (-2.7559056, 0), (2.7559056, 10.629921), (-2.7559056, 10.629921), (-5.905512, 1.968504), (-9.84252, 11.811024), (-9.84252, 1.968504), (-9.84252, 11.811024), (-5.905512, 1.968504), (-5.905512, 11.811024), (-9.84252, 11.811024), (-5.905512, 11.811024), (-21.653543, 11.811024), (-23.622047, 15.748032), (-21.653543, 11.811024), (-5.905512, 11.811024), (-23.622047, 15.748032), (-21.653543, 1.968504), (-21.653543, 11.811024), (-21.653543, 1.968504), (-23.622047, 15.748032), (-23.622047, 1.968504), (-23.622047, 15.748032), (-5.905512, 11.811024), (23.622047, 15.748032), (5.905512, 11.811024), (23.622047, 15.748032), (-5.905512, 11.811024), (9.84252, 11.811024), (23.622047, 15.748032), (5.905512, 11.811024), (21.653543, 11.811024), (23.622047, 15.748032), (9.84252, 11.811024), (21.653543, 1.968504), (23.622047, 15.748032), (21.653543, 11.811024), (23.622047, 15.748032), (21.653543, 1.968504), (23.622047, 1.968504), (5.905512, 1.968504), (9.84252, 11.811024), (5.905512, 11.811024), (9.84252, 11.811024), (5.905512, 1.968504), (9.84252, 1.968504), (23.622047, 1.968504), (-23.622047, 15.748032), (-23.622047, 1.968504), (-23.622047, 15.748032), (23.622047, 1.968504), (-7.874016, 15.748032), (-7.874016, 15.748032), (23.622047, 1.968504), (23.622047, 15.748032), (23.622047, 15.748032), (3.937008, 1.968504), (23.622047, 1.968504), (3.937008, 1.968504), (23.622047, 15.748032), (3.937008, 11.811024), (3.937008, 11.811024), (23.622047, 15.748032), (-3.937008, 11.811024), (-23.622047, 15.748032), (-3.937008, 11.811024), (23.622047, 15.748032), (-23.622047, 1.968504), (-3.937008, 11.811024), (-23.622047, 15.748032), (-3.937008, 11.811024), (-23.622047, 1.968504), (-3.937008, 1.968504), (7.874016, 15.748032), (23.622047, 1.968504), (23.622047, 15.748032), (23.622047, 1.968504), (7.874016, 15.748032), (-23.622047, 1.968504), (-23.622047, 1.968504), (7.874016, 15.748032), (-23.622047, 15.748032), (-11.0236225, 0), (-11.811024, 1.968504), (-20.47244, 0), (-11.811024, 1.968504), (-11.0236225, 0), (-11.0236225, 10.629921), (-11.811024, 1.968504), (-11.0236225, 10.629921), (-11.811024, 9.84252), (-11.811024, 9.84252), (-11.0236225, 10.629921), (-19.68504, 9.84252), (-19.68504, 1.968504), (-20.47244, 0), (-11.811024, 1.968504), (-20.47244, 0), (-19.68504, 1.968504), (-20.47244, 10.629921), (-20.47244, 10.629921), (-19.68504, 1.968504), (-19.68504, 9.84252), (-20.47244, 10.629921), (-19.68504, 9.84252), (-11.0236225, 10.629921), (-7.874016, -21.653543), (-21.653543, -7.874016), (-21.653543, -21.653543), (-21.653543, -7.874016), (-7.874016, -21.653543), (-21.653543, 7.874016), (-21.653543, 7.874016), (-7.874016, -21.653543), (-21.653543, 21.653543), (-21.653543, 21.653543), (-7.874016, -21.653543), (-7.8740153, 21.653543), (-7.8740153, 21.653543), (-7.874016, -21.653543), (-7.8740153, 7.874016), (-7.8740153, 7.874016), (-7.874016, -21.653543), (7.874016, -21.653543), (-7.8740153, 7.874016), (7.874016, -21.653543), (-3.9370077, 7.874016), (-3.9370077, 7.874016), (7.874016, -21.653543), (-3.9370077, 15.748032), (-3.9370077, 15.748032), (7.874016, -21.653543), (3.9370081, 7.874016), (3.9370081, 7.874016), (7.874016, -21.653543), (7.874016, 7.874016), (7.874016, 7.874016), (7.874016, -21.653543), (21.653543, -21.653543), (7.874016, 7.874016), (21.653543, -21.653543), (7.874016, 15.748032), (-7.8740153, 15.748032), (-7.8740153, 21.653543), (-7.8740153, 7.874016), (-7.8740153, 21.653543), (-7.8740153, 15.748032), (7.874016, 21.653543), (7.874016, 21.653543), (-7.8740153, 15.748032), (-3.9370077, 15.748032), (7.874016, 21.653543), (-3.9370077, 15.748032), (3.9370081, 15.748032), (3.9370081, 15.748032), (-3.9370077, 15.748032), (3.9370081, 7.874016), (7.874016, 21.653543), (3.9370081, 15.748032), (7.874016, 15.748032), (7.874016, 21.653543), (7.874016, 15.748032), (21.653543, 21.653543), (21.653543, 21.653543), (7.874016, 15.748032), (21.653543, -7.874016), (21.653543, -7.874016), (7.874016, 15.748032), (21.653543, -21.653543), (21.653543, 21.653543), (21.653543, -7.874016), (21.653543, 7.874016)] (
                interpolation = "faceVarying"
            )
            uniform token subdivisionScheme = "none"

            def GeomSubset "border" (
                apiSchemas = ["MaterialBindingAPI"]
            )
            {
                uniform token elementType = "face"
                uniform token familyName = "materialBind"
                int[] indices = [0, 1, 2, 3, 4, 5, 6, 7, 8, 9, 10, 11, 12, 13, 14, 15, 16, 17, 18, 19, 20, 21, 22, 23, 24, 25, 26, 27, 28, 29, 30, 31, 32, 33, 34, 35, 36, 37, 38, 39, 40, 41, 42, 43, 44, 45, 46, 47, 48, 49, 50, 51, 52, 53, 54, 55, 56, 57, 58, 59, 60, 61, 62, 63, 64, 65, 66, 67, 68, 69, 70, 71, 72, 73, 74, 75, 76, 77, 78, 79, 80, 81, 82, 83, 84, 85, 86, 87, 88, 89, 90, 91, 92, 93, 94, 95, 96, 97, 98, 99, 100, 101, 102, 103, 104, 105, 106, 107, 108, 109, 110, 111, 112, 113, 114, 115, 116, 117, 118, 119, 120, 121, 122, 123, 124, 125, 126, 127, 128, 129, 130, 131, 132, 133, 134, 135, 136, 137, 138, 139, 140, 141, 142, 143, 144, 145, 146, 147, 148, 149, 150, 151, 152, 153, 154, 155, 156, 157, 158, 159, 160, 161, 162, 163, 164, 165, 166, 167, 168, 169, 170, 171, 172, 173, 174, 175, 176, 177, 178, 179, 180, 181, 182, 183, 184, 185, 186, 187, 188, 189, 190, 191, 192, 193, 194, 195, 196, 197, 198, 199, 200, 201, 202, 203, 204, 205, 206, 207, 208, 209, 210, 211, 212, 213, 214, 215, 216, 217, 218, 219, 220, 221, 222, 223, 224, 225, 226, 227, 228, 229, 230, 231, 232, 233, 234, 235, 236, 237, 238, 239, 240, 241, 242, 243, 244, 245]
                rel material:binding = None
            }

            def GeomSubset "window" (
                apiSchemas = ["MaterialBindingAPI"]
            )
            {
                uniform token elementType = "face"
                uniform token familyName = "materialBind"
                int[] indices = [246, 247, 248, 249, 250, 251, 252, 253, 254, 255, 256, 257, 258, 259, 260, 261, 262, 263, 264, 265, 266, 267]
                rel material:binding = None
            }

            def GeomSubset "subset_defaultMat" (
                apiSchemas = ["MaterialBindingAPI"]
            )
            {
                uniform token elementType = "face"
                uniform token familyName = "materialBind"
                int[] indices = [268, 269, 270, 271, 272, 273, 274, 275, 276, 277, 278, 279, 280, 281, 282, 283, 284, 285, 286, 287, 288, 289, 290, 291, 292, 293, 294, 295, 296, 297, 298, 299, 300, 301, 302, 303, 304, 305, 306, 307, 308, 309, 310, 311, 312, 313, 314, 315, 316, 317, 318, 319, 320, 321, 322, 323, 324, 325, 326, 327, 328, 329, 330, 331, 332, 333, 334, 335, 336, 337, 338, 339, 340, 341, 342, 343, 344, 345, 346, 347, 348, 349, 350, 351, 352, 353, 354, 355, 356, 357, 358, 359, 360, 361, 362, 363, 364, 365, 366, 367, 368, 369]
                rel material:binding = None
            }

            def GeomSubset "door" (
                apiSchemas = ["MaterialBindingAPI"]
            )
            {
                uniform token elementType = "face"
                uniform token familyName = "materialBind"
                int[] indices = [370, 371, 372, 373, 374, 375, 376, 377, 378, 379, 380, 381, 382, 383, 384, 385, 386, 387, 388, 389, 390, 391, 392, 393, 394, 395, 396, 397, 398, 399, 400, 401, 402, 403, 404, 405, 406, 407, 408, 409, 410, 411, 412, 413, 414, 415, 416, 417, 418, 419, 420, 421, 422, 423, 424, 425, 426, 427, 428, 429, 430, 431, 432, 433, 434, 435, 436, 437, 438, 439, 440, 441, 442, 443, 444, 445, 446, 447, 448, 449, 450, 451, 452, 453, 454, 455]
                rel material:binding = None
            }
        }
    }
}

